sido_code,sigungu_code,emd_code,week_type,ALL_VKT,PSCR_VKT,BUS_VKT,FGCR_VKT,시도,시군구
11,11080,1108085,weekday,307828,236583,2075,69170,서울특별시,성북구
11,11020,1102059,weekday,155884,122147,912,32825,서울특별시,중구
11,11240,1124057,weekday,122260,104583,709,16967,서울특별시,송파구
11,11160,1116069,weekday,300131,241337,2340,56455,서울특별시,강서구
11,11050,1105058,weekday,67199,54334,470,12394,서울특별시,광진구
11,11230,1123080,weekday,253271,208145,2007,43119,서울특별시,강남구
11,11110,1111052,weekday,119979,101567,428,17984,서울특별시,노원구
11,11040,1104073,weekday,374500,295955,6465,72080,서울특별시,성동구
11,11070,1107073,weekday,172685,140711,1588,30385,서울특별시,중랑구
11,11210,1121078,weekday,109640,86610,719,22312,서울특별시,관악구
11,11180,1118057,weekday,421436,316119,5722,99595,서울특별시,금천구
11,11210,1121058,weekday,181315,143759,1250,36306,서울특별시,관악구
11,11140,1114060,weekday,130033,105022,747,24265,서울특별시,마포구
11,11070,1107061,weekday,41974,34018,262,7695,서울특별시,중랑구
11,11220,1122056,weekday,310012,248281,4473,57258,서울특별시,서초구
11,11220,1122055,weekday,656973,519663,12170,125140,서울특별시,서초구
11,11140,1114061,weekday,28736,23182,167,5387,서울특별시,마포구
11,11060,1106073,weekday,203318,157706,2231,43381,서울특별시,동대문구
11,11040,1104057,weekday,9974,7598,46,2330,서울특별시,성동구
11,11060,1106091,weekday,130142,99792,882,29468,서울특별시,동대문구
11,11090,1109065,weekday,88689,75134,260,13295,서울특별시,강북구
11,11130,1113052,weekday,71022,56422,469,14131,서울특별시,서대문구
11,11170,1117062,weekday,59895,42535,3927,13433,서울특별시,구로구
11,11100,1110056,weekday,27535,23840,53,3641,서울특별시,도봉구
11,11160,1116059,weekday,53822,42192,436,11194,서울특별시,강서구
11,11170,1117065,weekday,41455,27122,184,14149,서울특별시,구로구
11,11230,1123063,weekday,71615,60527,552,10536,서울특별시,강남구
11,11150,1115062,weekday,43842,34833,299,8710,서울특별시,양천구
11,11100,1110055,weekday,185552,156536,766,28251,서울특별시,도봉구
11,11160,1116058,weekday,32734,25607,192,6936,서울특별시,강서구
11,11080,1108064,weekday,261865,205731,1691,54443,서울특별시,성북구
11,11040,1104058,weekday,68277,53094,421,14762,서울특별시,성동구
11,11150,1115072,weekday,248782,196308,1810,50664,서울특별시,양천구
11,11240,1124077,weekday,417919,329190,5358,83371,서울특별시,송파구
11,11090,1109061,weekday,29626,25325,92,4209,서울특별시,강북구
11,11210,1121052,weekday,38425,30261,203,7961,서울특별시,관악구
11,11060,1106072,weekday,115580,88947,714,25919,서울특별시,동대문구
11,11240,1124078,weekday,87932,74536,704,12692,서울특별시,송파구
11,11160,1116064,weekday,599644,473872,13705,112067,서울특별시,강서구
11,11230,1123075,weekday,399241,326887,4463,67891,서울특별시,강남구
11,11050,1105055,weekday,147018,116274,1327,29417,서울특별시,광진구
11,11090,1109069,weekday,63078,53109,179,9790,서울특별시,강북구
11,11100,1110053,weekday,33057,28356,83,4618,서울특별시,도봉구
11,11010,1101069,weekday,4749,3591,20,1139,서울특별시,종로구
11,11040,1104067,weekday,338754,262219,5270,71264,서울특별시,성동구
11,11090,1109063,weekday,54840,46563,138,8138,서울특별시,강북구
11,11070,1107064,weekday,303036,236828,3934,62274,서울특별시,중랑구
11,11010,1101057,weekday,38347,30788,204,7355,서울특별시,종로구
11,11110,1111066,weekday,87102,71886,455,14761,서울특별시,노원구
11,11060,1106081,weekday,359134,282744,2174,74216,서울특별시,동대문구
11,11220,1122064,weekday,211559,169798,1685,40076,서울특별시,서초구
11,11030,1103063,weekday,643239,509957,14496,118786,서울특별시,용산구
11,11050,1105065,weekday,483470,370494,8130,104845,서울특별시,광진구
11,11070,1107070,weekday,29015,24355,152,4508,서울특별시,중랑구
11,11250,1125054,weekday,58958,51428,128,7403,서울특별시,강동구
11,11240,1124060,weekday,171341,150111,744,20486,서울특별시,송파구
11,11100,1110060,weekday,90469,77063,306,13100,서울특별시,도봉구
11,11070,1107059,weekday,47408,39252,257,7899,서울특별시,중랑구
11,11020,1102071,weekday,61377,47888,389,13100,서울특별시,중구
11,11080,1108078,weekday,114154,93603,554,19998,서울특별시,성북구
11,11160,1116070,weekday,118568,95423,695,22450,서울특별시,강서구
11,11020,1102068,weekday,72915,55931,433,16551,서울특별시,중구
11,11100,1110059,weekday,110506,93443,445,16618,서울특별시,도봉구
11,11210,1121057,weekday,124936,100097,1033,23806,서울특별시,관악구
11,11140,1114070,weekday,208362,165119,3054,40189,서울특별시,마포구
11,11140,1114068,weekday,473720,374274,7910,91536,서울특별시,마포구
11,11220,1122063,weekday,302222,244852,2422,54947,서울특별시,서초구
11,11210,1121061,weekday,104247,82873,679,20695,서울특별시,관악구
11,11220,1122059,weekday,386605,302990,11526,72090,서울특별시,서초구
11,11230,1123066,weekday,198933,162770,1571,34591,서울특별시,강남구
11,11190,1119066,weekday,48238,37403,257,10578,서울특별시,영등포구
11,11120,1112065,weekday,86305,69816,348,16142,서울특별시,은평구
11,11110,1111059,weekday,169287,136481,1231,31575,서울특별시,노원구
11,11180,1118052,weekday,420757,314428,4181,102148,서울특별시,금천구
11,11010,1101070,weekday,33169,26138,173,6858,서울특별시,종로구
11,11080,1108068,weekday,190014,149998,1242,38774,서울특별시,성북구
11,11240,1124059,weekday,196943,167023,1249,28671,서울특별시,송파구
11,11080,1108066,weekday,50696,42130,183,8383,서울특별시,성북구
11,11020,1102070,weekday,22908,18092,167,4649,서울특별시,중구
11,11030,1103072,weekday,115250,89458,621,25171,서울특별시,용산구
11,11010,1101055,weekday,252474,200247,1371,50856,서울특별시,종로구
11,11030,1103070,weekday,147688,116908,3209,27571,서울특별시,용산구
11,11200,1120054,weekday,66727,53418,317,12992,서울특별시,동작구
11,11090,1109060,weekday,130518,109964,492,20062,서울특별시,강북구
11,11220,1122054,weekday,242404,190571,6549,45284,서울특별시,서초구
11,11240,1124056,weekday,48904,43561,183,5160,서울특별시,송파구
11,11030,1103053,weekday,152016,120192,865,30960,서울특별시,용산구
11,11250,1125056,weekday,506639,388086,11309,107244,서울특별시,강동구
11,11040,1104055,weekday,194958,152366,1530,41062,서울특별시,성동구
11,11190,1119070,weekday,72091,55181,374,16536,서울특별시,영등포구
11,11060,1106088,weekday,175746,135721,1204,38821,서울특별시,동대문구
11,11250,1125055,weekday,63842,55267,183,8393,서울특별시,강동구
11,11070,1107057,weekday,66580,53317,625,12638,서울특별시,중랑구
11,11040,1104071,weekday,95050,74065,482,20502,서울특별시,성동구
11,11020,1102067,weekday,43639,34320,220,9100,서울특별시,중구
11,11060,1106071,weekday,44857,33662,222,10973,서울특별시,동대문구
11,11240,1124068,weekday,93316,80013,643,12660,서울특별시,송파구
11,11110,1111076,weekday,148856,117767,1749,29340,서울특별시,노원구
11,11230,1123065,weekday,287474,237741,2472,47261,서울특별시,강남구
11,11030,1103073,weekday,325791,259953,1756,64081,서울특별시,용산구
11,11120,1112071,weekday,350665,290971,1298,58396,서울특별시,은평구
11,11190,1119065,weekday,54483,42138,268,12077,서울특별시,영등포구
11,11190,1119062,weekday,878290,691119,9938,177234,서울특별시,영등포구
11,11230,1123058,weekday,606491,488943,6870,110678,서울특별시,강남구
11,11040,1104066,weekday,343900,271245,5284,67370,서울특별시,성동구
11,11200,1120055,weekday,4747,3777,23,948,서울특별시,동작구
11,11130,1113073,weekday,106757,83458,649,22651,서울특별시,서대문구
11,11180,1118051,weekday,602859,445946,5691,151221,서울특별시,금천구
11,11140,1114077,weekday,121809,94782,766,26261,서울특별시,마포구
11,11100,1110063,weekday,151637,127888,617,23132,서울특별시,도봉구
11,11250,1125059,weekday,272589,215241,3816,53533,서울특별시,강동구
11,11120,1112052,weekday,140982,115294,585,25103,서울특별시,은평구
11,11220,1122065,weekday,119875,96142,775,22958,서울특별시,서초구
11,11220,1122057,weekday,291484,229056,6876,55553,서울특별시,서초구
11,11210,1121062,weekday,12119,9238,78,2803,서울특별시,관악구
11,11010,1101072,weekday,117840,93058,520,24262,서울특별시,종로구
11,11170,1117064,weekday,210866,161129,1537,48200,서울특별시,구로구
11,11180,1118058,weekday,87547,67278,526,19742,서울특별시,금천구
11,11150,1115069,weekday,178877,135547,1364,41966,서울특별시,양천구
11,11240,1124081,weekday,401490,326504,9419,65567,서울특별시,송파구
11,11250,1125067,weekday,83522,70830,504,12188,서울특별시,강동구
11,11130,1113065,weekday,49436,39701,250,9485,서울특별시,서대문구
11,11020,1102055,weekday,229448,179719,1465,48263,서울특별시,중구
11,11200,1120063,weekday,117924,95557,1201,21165,서울특별시,동작구
11,11200,1120069,weekday,80298,62171,440,17687,서울특별시,동작구
11,11160,1116063,weekday,63009,49312,457,13240,서울특별시,강서구
11,11100,1110062,weekday,181903,152382,829,28691,서울특별시,도봉구
11,11190,1119073,weekday,97058,75193,493,21373,서울특별시,영등포구
11,11100,1110061,weekday,49392,42368,145,6880,서울특별시,도봉구
11,11050,1105060,weekday,47596,37715,294,9587,서울특별시,광진구
11,11080,1108065,weekday,65639,54689,210,10740,서울특별시,성북구
11,11060,1106082,weekday,333337,265048,2057,66232,서울특별시,동대문구
11,11060,1106084,weekday,80215,61713,480,18022,서울특별시,동대문구
11,11120,1112057,weekday,54502,45598,187,8717,서울특별시,은평구
11,11210,1121068,weekday,98052,76324,659,21069,서울특별시,관악구
11,11160,1116073,weekday,176039,138711,1185,36142,서울특별시,강서구
11,11040,1104052,weekday,29204,22624,151,6429,서울특별시,성동구
11,11130,1113064,weekday,236934,186282,1630,49021,서울특별시,서대문구
11,11060,1106089,weekday,76953,57876,373,18705,서울특별시,동대문구
11,11150,1115059,weekday,163150,127891,1461,33797,서울특별시,양천구
11,11250,1125052,weekday,114704,98464,579,15661,서울특별시,강동구
11,11160,1116054,weekday,160716,128346,898,31471,서울특별시,강서구
11,11020,1102072,weekday,23219,18376,136,4708,서울특별시,중구
11,11130,1113072,weekday,43849,36174,146,7528,서울특별시,서대문구
11,11030,1103051,weekday,94572,72424,469,21678,서울특별시,용산구
11,11230,1123067,weekday,144601,120809,1094,22698,서울특별시,강남구
11,11250,1125073,weekday,234535,187268,3149,44117,서울특별시,강동구
11,11230,1123079,weekday,586523,474894,8156,103473,서울특별시,강남구
11,11060,1106087,weekday,272920,211571,2421,58928,서울특별시,동대문구
11,11240,1124051,weekday,197020,153161,2758,41101,서울특별시,송파구
11,11240,1124064,weekday,132438,112889,866,18683,서울특별시,송파구
11,11070,1107071,weekday,50059,41298,284,8477,서울특별시,중랑구
11,11110,1111072,weekday,102258,79150,1229,21878,서울특별시,노원구
11,11030,1103074,weekday,1054253,833862,15475,204916,서울특별시,용산구
11,11040,1104062,weekday,337975,267452,3416,67107,서울특별시,성동구
11,11090,1109070,weekday,106899,90803,369,15727,서울특별시,강북구
11,11010,1101058,weekday,80473,63952,444,16077,서울특별시,종로구
11,11050,1105063,weekday,382416,299948,4815,77653,서울특별시,광진구
11,11170,1117069,weekday,152640,122081,874,29685,서울특별시,구로구
11,11240,1124067,weekday,92411,80819,358,11234,서울특별시,송파구
11,11020,1102057,weekday,120740,95126,797,24818,서울특별시,중구
11,11030,1103071,weekday,67252,50763,372,16117,서울특별시,용산구
11,11100,1110054,weekday,45832,39619,101,6112,서울특별시,도봉구
11,11120,1112072,weekday,72617,59730,279,12607,서울특별시,은평구
11,11100,1110064,weekday,107880,90769,409,16701,서울특별시,도봉구
11,11210,1121081,weekday,22711,17549,128,5035,서울특별시,관악구
11,11150,1115063,weekday,135277,107723,1113,26440,서울특별시,양천구
11,11160,1116066,weekday,61898,50080,344,11474,서울특별시,강서구
11,11010,1101056,weekday,438158,344403,2701,91054,서울특별시,종로구
11,11200,1120066,weekday,13325,10727,61,2537,서울특별시,동작구
11,11020,1102060,weekday,106810,82207,619,23984,서울특별시,중구
11,11140,1114075,weekday,73212,57591,900,14722,서울특별시,마포구
11,11130,1113068,weekday,322270,253565,3104,65602,서울특별시,서대문구
11,11030,1103059,weekday,16091,12467,77,3546,서울특별시,용산구
11,11250,1125053,weekday,64493,55427,195,8870,서울특별시,강동구
11,11190,1119075,weekday,105230,81752,566,22912,서울특별시,영등포구
11,11170,1117071,weekday,349585,262918,2508,84158,서울특별시,구로구
11,11050,1105064,weekday,50555,39830,289,10436,서울특별시,광진구
11,11120,1112060,weekday,46679,39174,133,7372,서울특별시,은평구
11,11230,1123072,weekday,44298,37747,225,6326,서울특별시,강남구
11,11080,1108063,weekday,428814,328942,3449,96423,서울특별시,성북구
11,11170,1117072,weekday,224187,174256,3038,46893,서울특별시,구로구
11,11120,1112074,weekday,109018,90185,388,18445,서울특별시,은평구
11,11170,1117052,weekday,288837,220949,2797,65091,서울특별시,구로구
11,11250,1125070,weekday,153975,128414,1200,24362,서울특별시,강동구
11,11020,1102065,weekday,33006,25822,183,7000,서울특별시,중구
11,11120,1112067,weekday,117574,94697,757,22120,서울특별시,은평구
11,11120,1112068,weekday,124803,101004,560,23239,서울특별시,은평구
11,11030,1103052,weekday,175839,140311,1407,34121,서울특별시,용산구
11,11160,1116057,weekday,82947,65436,699,16812,서울특별시,강서구
11,11190,1119056,weekday,694498,557796,7443,129259,서울특별시,영등포구
11,11070,1107065,weekday,120244,94391,2649,23204,서울특별시,중랑구
11,11120,1112055,weekday,44141,36824,163,7153,서울특별시,은평구
11,11230,1123064,weekday,378742,313638,3284,61820,서울특별시,강남구
11,11010,1101060,weekday,22752,17533,96,5123,서울특별시,종로구
11,11130,1113062,weekday,59165,46699,287,12179,서울특별시,서대문구
11,11230,1123059,weekday,151664,125778,1249,24638,서울특별시,강남구
11,11200,1120073,weekday,414579,335574,4218,74787,서울특별시,동작구
11,11130,1113071,weekday,79940,65342,381,14217,서울특별시,서대문구
11,11080,1108083,weekday,85802,68309,434,17059,서울특별시,성북구
11,11050,1105067,weekday,350790,277599,3524,69666,서울특별시,광진구
11,11080,1108081,weekday,116026,91318,493,24215,서울특별시,성북구
11,11100,1110051,weekday,41965,36348,79,5539,서울특별시,도봉구
11,11190,1119074,weekday,667695,532560,5751,129384,서울특별시,영등포구
11,11090,1109072,weekday,91408,78275,241,12892,서울특별시,강북구
11,11130,1113069,weekday,94091,75542,741,17808,서울특별시,서대문구
11,11150,1115065,weekday,109784,83414,900,25470,서울특별시,양천구
11,11090,1109074,weekday,82324,71823,133,10368,서울특별시,강북구
11,11040,1104072,weekday,55334,43300,369,11665,서울특별시,성동구
11,11210,1121071,weekday,52188,40731,320,11137,서울특별시,관악구
11,11040,1104059,weekday,43444,33792,214,9438,서울특별시,성동구
11,11220,1122058,weekday,398686,317968,6806,73911,서울특별시,서초구
11,11110,1111060,weekday,61658,51481,272,9905,서울특별시,노원구
11,11100,1110065,weekday,134046,114847,474,18725,서울특별시,도봉구
11,11160,1116055,weekday,51365,40482,334,10549,서울특별시,강서구
11,11220,1122062,weekday,81636,65891,440,15305,서울특별시,서초구
11,11170,1117068,weekday,406675,312943,2616,91116,서울특별시,구로구
11,11210,1121066,weekday,89125,69738,525,18862,서울특별시,관악구
11,11190,1119061,weekday,298226,234040,2993,61194,서울특별시,영등포구
11,11030,1103066,weekday,90298,71685,539,18073,서울특별시,용산구
11,11210,1121073,weekday,141570,112262,767,28541,서울특별시,관악구
11,11200,1120072,weekday,519472,415652,5449,98371,서울특별시,동작구
11,11080,1108059,weekday,18659,14575,73,4011,서울특별시,성북구
11,11030,1103058,weekday,25885,20292,145,5447,서울특별시,용산구
11,11250,1125063,weekday,64419,53979,309,10131,서울특별시,강동구
11,11190,1119076,weekday,343821,269542,2540,71739,서울특별시,영등포구
11,11250,1125072,weekday,37497,32394,111,4992,서울특별시,강동구
11,11110,1111077,weekday,385957,310323,3190,72444,서울특별시,노원구
11,11120,1112051,weekday,105073,86080,440,18554,서울특별시,은평구
11,11170,1117061,weekday,193204,143964,3627,45613,서울특별시,구로구
11,11170,1117054,weekday,174732,132438,922,41372,서울특별시,구로구
11,11030,1103065,weekday,63119,50438,656,12025,서울특별시,용산구
11,11070,1107052,weekday,107095,85517,869,20709,서울특별시,중랑구
11,11170,1117070,weekday,142590,111044,1007,30539,서울특별시,구로구
11,11250,1125051,weekday,875215,678341,23940,172934,서울특별시,강동구
11,11050,1105061,weekday,129854,102083,1190,26581,서울특별시,광진구
11,11240,1124053,weekday,282899,222824,7510,52565,서울특별시,송파구
11,11130,1113075,weekday,304571,245903,2256,56413,서울특별시,서대문구
11,11230,1123076,weekday,524564,437973,4928,81663,서울특별시,강남구
11,11150,1115053,weekday,54721,42804,360,11558,서울특별시,양천구
11,11190,1119068,weekday,108477,84906,567,23004,서울특별시,영등포구
11,11120,1112059,weekday,95937,78567,385,16985,서울특별시,은평구
11,11230,1123060,weekday,128879,108842,883,19153,서울특별시,강남구
11,11240,1124079,weekday,425165,343562,5577,76026,서울특별시,송파구
11,11140,1114076,weekday,405619,316553,9903,79163,서울특별시,마포구
11,11210,1121064,weekday,63675,49324,370,13982,서울특별시,관악구
11,11230,1123071,weekday,246170,200469,2142,43559,서울특별시,강남구
11,11050,1105066,weekday,124420,97502,894,26024,서울특별시,광진구
11,11210,1121082,weekday,181283,145040,1029,35215,서울특별시,관악구
11,11130,1113070,weekday,58142,47297,212,10633,서울특별시,서대문구
11,11060,1106080,weekday,138604,107054,750,30799,서울특별시,동대문구
11,11150,1115071,weekday,395018,306629,3509,84880,서울특별시,양천구
11,11100,1110052,weekday,36839,31591,110,5139,서울특별시,도봉구
11,11170,1117056,weekday,152373,115689,560,36124,서울특별시,구로구
11,11080,1108076,weekday,27926,23110,93,4723,서울특별시,성북구
11,11180,1118061,weekday,91958,70245,574,21139,서울특별시,금천구
11,11200,1120056,weekday,49330,39609,260,9461,서울특별시,동작구
11,11200,1120070,weekday,53629,41637,262,11730,서울특별시,동작구
11,11020,1102073,weekday,29349,22815,150,6384,서울특별시,중구
11,11150,1115070,weekday,164627,124018,1950,38659,서울특별시,양천구
11,11050,1105059,weekday,69440,53030,459,15952,서울특별시,광진구
11,11150,1115060,weekday,159699,127361,1410,30928,서울특별시,양천구
11,11040,1104068,weekday,83650,64532,427,18691,서울특별시,성동구
11,11010,1101067,weekday,53050,41833,322,10895,서울특별시,종로구
11,11140,1114066,weekday,243304,199095,1604,42604,서울특별시,마포구
11,11210,1121054,weekday,23284,18559,125,4600,서울특별시,관악구
11,11240,1124082,weekday,404876,323803,6683,74390,서울특별시,송파구
11,11220,1122061,weekday,132619,106282,1010,25326,서울특별시,서초구
11,11180,1118055,weekday,55051,41137,282,13632,서울특별시,금천구
11,11230,1123077,weekday,597201,472372,8966,115863,서울특별시,강남구
11,11110,1111079,weekday,351377,278522,3775,69080,서울특별시,노원구
11,11200,1120052,weekday,123423,98572,943,23908,서울특별시,동작구
11,11150,1115066,weekday,307360,244659,2832,59869,서울특별시,양천구
11,11080,1108077,weekday,185819,141060,2503,42257,서울특별시,성북구
11,11120,1112056,weekday,81873,68248,299,13327,서울특별시,은평구
11,11230,1123068,weekday,201136,162637,2522,35977,서울특별시,강남구
11,11240,1124061,weekday,99948,84900,702,14346,서울특별시,송파구
11,11240,1124062,weekday,118729,100247,782,17701,서울특별시,송파구
11,11090,1109062,weekday,144084,121455,569,22061,서울특별시,강북구
11,11240,1124054,weekday,19495,17387,60,2048,서울특별시,송파구
11,11230,1123052,weekday,303832,247460,2304,54069,서울특별시,강남구
11,11220,1122066,weekday,1023024,831662,18169,173193,서울특별시,서초구
11,11140,1114074,weekday,1065702,849084,14543,202075,서울특별시,마포구
11,11250,1125066,weekday,49237,41947,222,7068,서울특별시,강동구
11,11240,1124052,weekday,408489,324958,5554,77977,서울특별시,송파구
11,11210,1121065,weekday,20556,15470,110,4976,서울특별시,관악구
11,11240,1124069,weekday,808777,649965,13436,145377,서울특별시,송파구
11,11170,1117067,weekday,71187,56210,752,14226,서울특별시,구로구
11,11010,1101071,weekday,36785,29010,232,7543,서울특별시,종로구
11,11050,1105053,weekday,128116,99293,995,27828,서울특별시,광진구
11,11140,1114078,weekday,123589,96944,788,25857,서울특별시,마포구
11,11110,1111064,weekday,56050,46612,253,9185,서울특별시,노원구
11,11200,1120067,weekday,15783,12674,66,3043,서울특별시,동작구
11,11080,1108061,weekday,59879,47148,276,12455,서울특별시,성북구
11,11110,1111061,weekday,54813,45968,222,8623,서울특별시,노원구
11,11180,1118054,weekday,91344,68832,487,22026,서울특별시,금천구
11,11160,1116067,weekday,311669,248848,2196,60625,서울특별시,강서구
11,11070,1107068,weekday,29382,24147,180,5056,서울특별시,중랑구
11,11190,1119067,weekday,57598,45220,291,12087,서울특별시,영등포구
11,11230,1123051,weekday,470137,372967,7238,89932,서울특별시,강남구
11,11110,1111053,weekday,282482,227403,2074,53004,서울특별시,노원구
11,11140,1114069,weekday,266790,210876,4100,51813,서울특별시,마포구
11,11220,1122053,weekday,409433,332570,3007,73857,서울특별시,서초구
11,11040,1104054,weekday,243233,191901,1390,49942,서울특별시,성동구
11,11130,1113066,weekday,88458,71247,463,16747,서울특별시,서대문구
11,11070,1107062,weekday,271314,214719,4876,51718,서울특별시,중랑구
11,11220,1122067,weekday,1310110,996997,48774,264339,서울특별시,서초구
11,11120,1112066,weekday,58474,46719,1217,10538,서울특별시,은평구
11,11200,1120065,weekday,80523,64796,396,15330,서울특별시,동작구
11,11240,1124065,weekday,121372,104661,675,16035,서울특별시,송파구
11,11230,1123074,weekday,329912,261528,3997,64388,서울특별시,강남구
11,11030,1103057,weekday,213542,166535,3283,43725,서울특별시,용산구
11,11150,1115058,weekday,98180,77839,701,19639,서울특별시,양천구
11,11230,1123078,weekday,782394,620371,13373,148650,서울특별시,강남구
11,11070,1107054,weekday,136903,108702,1461,26741,서울특별시,중랑구
11,11130,1113074,weekday,52718,40608,328,11782,서울특별시,서대문구
11,11080,1108071,weekday,142155,115897,873,25385,서울특별시,성북구
11,11120,1112058,weekday,99442,81785,379,17278,서울특별시,은평구
11,11150,1115064,weekday,71590,55159,394,16037,서울특별시,양천구
11,11010,1101053,weekday,241666,190804,1392,49470,서울특별시,종로구
11,11020,1102069,weekday,78499,61041,411,17047,서울특별시,중구
11,11070,1107069,weekday,587894,454775,8811,124308,서울특별시,중랑구
11,11090,1109075,weekday,83897,71512,194,12191,서울특별시,강북구
11,11240,1124080,weekday,236283,195645,2446,38192,서울특별시,송파구
11,11070,1107072,weekday,55096,45160,348,9589,서울특별시,중랑구
11,11150,1115057,weekday,65410,51531,513,13366,서울특별시,양천구
11,11020,1102058,weekday,203760,162741,1237,39782,서울특별시,중구
11,11160,1116071,weekday,939500,733481,14873,191145,서울특별시,강서구
11,11200,1120071,weekday,604984,474061,12831,118092,서울특별시,동작구
11,11220,1122052,weekday,329877,257607,8991,63280,서울특별시,서초구
11,11080,1108082,weekday,54825,42768,259,11798,서울특별시,성북구
11,11070,1107060,weekday,125643,102307,776,22561,서울특별시,중랑구
11,11110,1111051,weekday,59301,50325,181,8795,서울특별시,노원구
11,11150,1115052,weekday,85657,65577,654,19426,서울특별시,양천구
11,11060,1106083,weekday,115108,87197,594,27317,서울특별시,동대문구
11,11210,1121083,weekday,80248,61493,485,18270,서울특별시,관악구
11,11210,1121069,weekday,128024,100526,789,26709,서울특별시,관악구
11,11040,1104070,weekday,273575,212065,4072,57438,서울특별시,성동구
11,11010,1101054,weekday,68407,53824,324,14259,서울특별시,종로구
11,11190,1119069,weekday,144367,113229,855,30283,서울특별시,영등포구
11,11020,1102052,weekday,222537,173628,1289,47619,서울특별시,중구
11,11160,1116065,weekday,407803,312840,12843,82120,서울특별시,강서구
11,11110,1111056,weekday,372499,292258,3848,76393,서울특별시,노원구
11,11060,1106090,weekday,179057,137410,1666,39981,서울특별시,동대문구
11,11250,1125061,weekday,42186,36749,124,5313,서울특별시,강동구
11,11160,1116072,weekday,262294,207719,7294,47280,서울특별시,강서구
11,11160,1116061,weekday,82343,65414,535,16394,서울특별시,강서구
11,11110,1111069,weekday,49062,41161,189,7712,서울특별시,노원구
11,11070,1107055,weekday,189465,151165,2662,35638,서울특별시,중랑구
11,11160,1116053,weekday,22526,17881,146,4499,서울특별시,강서구
11,11240,1124075,weekday,94256,81885,444,11927,서울특별시,송파구
11,11140,1114059,weekday,264152,208504,3360,52287,서울특별시,마포구
11,11190,1119072,weekday,121124,92955,667,27503,서울특별시,영등포구
11,11190,1119055,weekday,115611,91424,724,23464,서울특별시,영등포구
11,11160,1116074,weekday,72402,57375,429,14597,서울특별시,강서구
11,11090,1109073,weekday,47887,41254,118,6515,서울특별시,강북구
11,11240,1124055,weekday,22403,20477,58,1869,서울특별시,송파구
11,11190,1119071,weekday,77502,59178,410,17913,서울특별시,영등포구
11,11090,1109064,weekday,68844,58680,163,10002,서울특별시,강북구
11,11080,1108060,weekday,78182,60963,353,16866,서울특별시,성북구
11,11140,1114073,weekday,522154,425836,3444,92875,서울특별시,마포구
11,11080,1108072,weekday,260900,206780,1894,52225,서울특별시,성북구
11,11130,1113076,weekday,537361,424794,5257,107309,서울특별시,서대문구
11,11210,1121079,weekday,62837,49792,318,12727,서울특별시,관악구
11,11180,1118053,weekday,66270,49953,346,15971,서울특별시,금천구
11,11250,1125058,weekday,326295,245111,6675,74509,서울특별시,강동구
11,11010,1101073,weekday,66201,52893,338,12970,서울특별시,종로구
11,11050,1105054,weekday,147151,114456,1258,31438,서울특별시,광진구
11,11040,1104065,weekday,474599,369889,11229,93481,서울특별시,성동구
11,11150,1115054,weekday,68269,52830,420,15019,서울특별시,양천구
11,11200,1120053,weekday,197925,159519,1079,37327,서울특별시,동작구
11,11140,1114072,weekday,269379,215016,2181,52182,서울특별시,마포구
11,11120,1112073,weekday,52994,43861,165,8967,서울특별시,은평구
11,11150,1115061,weekday,47596,38098,298,9200,서울특별시,양천구
11,11190,1119054,weekday,1730189,1346522,14826,368841,서울특별시,영등포구
11,11040,1104069,weekday,447185,353369,5365,88451,서울특별시,성동구
11,11240,1124066,weekday,231679,193565,1655,36459,서울특별시,송파구
11,11110,1111065,weekday,612155,463301,10403,138451,서울특별시,노원구
11,11200,1120068,weekday,169723,134135,1029,34558,서울특별시,동작구
11,11010,1101064,weekday,80187,64577,437,15173,서울특별시,종로구
11,11060,1106086,weekday,83564,64013,583,18967,서울특별시,동대문구
11,11240,1124071,weekday,107551,92189,717,14645,서울특별시,송파구
11,11160,1116051,weekday,521749,403548,10198,108003,서울특별시,강서구
11,11220,1122060,weekday,242356,197646,2084,42626,서울특별시,서초구
11,11010,1101061,weekday,377840,298153,2260,77427,서울특별시,종로구
11,11230,1123053,weekday,245330,201427,1998,41905,서울특별시,강남구
11,11140,1114071,weekday,51845,43315,218,8312,서울특별시,마포구
11,11220,1122068,weekday,818891,668494,10693,139705,서울특별시,서초구
11,11030,1103064,weekday,383988,301150,8481,74357,서울특별시,용산구
11,11050,1105056,weekday,98014,75621,934,21460,서울특별시,광진구
11,11040,1104056,weekday,126732,98981,773,26979,서울특별시,성동구
11,11250,1125065,weekday,98460,84132,622,13706,서울특별시,강동구
11,11100,1110057,weekday,93735,81512,188,12034,서울특별시,도봉구
11,11210,1121080,weekday,84224,66430,573,17221,서울특별시,관악구
11,11050,1105057,weekday,157440,124255,4234,28951,서울특별시,광진구
11,11230,1123073,weekday,383004,304067,5582,73355,서울특별시,강남구
11,11240,1124058,weekday,128032,110529,681,16823,서울특별시,송파구
11,11180,1118060,weekday,24045,17525,90,6430,서울특별시,금천구
11,11210,1121063,weekday,258573,210855,2001,45717,서울특별시,관악구
11,11170,1117055,weekday,38039,28624,167,9248,서울특별시,구로구
11,11140,1114063,weekday,177372,141375,2674,33323,서울특별시,마포구
11,11010,1101063,weekday,92389,72932,491,18966,서울특별시,종로구
11,11020,1102054,weekday,155472,121473,852,33147,서울특별시,중구
11,11110,1111074,weekday,203238,160398,1820,41021,서울특별시,노원구
11,11220,1122051,weekday,343136,269747,8117,65271,서울특별시,서초구
11,11090,1109071,weekday,168391,141574,668,26149,서울특별시,강북구
11,11160,1116052,weekday,124806,99498,937,24372,서울특별시,강서구
11,11210,1121072,weekday,158118,122432,999,34687,서울특별시,관악구
11,11250,1125074,weekday,243898,206076,1331,36491,서울특별시,강동구
11,11110,1111078,weekday,160678,132627,843,27208,서울특별시,노원구
11,11080,1108062,weekday,51147,41399,217,9532,서울특별시,성북구
11,11110,1111073,weekday,70165,57994,363,11808,서울특별시,노원구
11,11250,1125071,weekday,146755,125891,670,20193,서울특별시,강동구
11,11190,1119063,weekday,132861,105792,974,26095,서울특별시,영등포구
11,11080,1108058,weekday,89402,72613,435,16355,서울특별시,성북구
11,11110,1111058,weekday,153988,125483,1072,27433,서울특별시,노원구
11,11050,1105062,weekday,271684,213193,3210,55281,서울특별시,광진구
11,11080,1108084,weekday,239505,191266,1273,46966,서울특별시,성북구
11,11180,1118059,weekday,199833,154530,1597,43706,서울특별시,금천구
11,11240,1124063,weekday,59880,52525,317,7038,서울특별시,송파구
11,11030,1103069,weekday,668077,525583,13533,128961,서울특별시,용산구
11,11150,1115051,weekday,493974,385558,4376,104040,서울특별시,양천구
11,11170,1117051,weekday,281690,216409,2430,62851,서울특별시,구로구
23,23040,2304059,weekday,89560,78753,651,10156,인천광역시,연수구
23,23080,2308071,weekday,206240,174635,1501,30103,인천광역시,서구
23,23060,2306056,weekday,107343,94332,1337,11675,인천광역시,부평구
23,23060,2306054,weekday,152489,137361,694,14434,인천광역시,부평구
23,23060,2306068,weekday,88984,81380,415,7190,인천광역시,부평구
23,23010,2301058,weekday,41822,36123,216,5483,인천광역시,인천_중구
23,23020,2302063,weekday,54637,47621,295,6721,인천광역시,동구
23,23020,2302059,weekday,6421,5488,38,895,인천광역시,동구
23,23060,2306067,weekday,74603,68772,349,5482,인천광역시,부평구
23,23060,2306051,weekday,109442,97808,571,11063,인천광역시,부평구
23,23050,2305058,weekday,253735,221851,2482,29402,인천광역시,남동구
23,23010,2301054,weekday,332974,254112,2479,76382,인천광역시,인천_중구
23,23050,2305073,weekday,311264,277272,1359,32633,인천광역시,남동구
23,23050,2305052,weekday,140982,124291,918,15773,인천광역시,남동구
23,23060,2306064,weekday,150814,132342,918,17554,인천광역시,부평구
23,23080,2308076,weekday,254309,203873,8632,41804,인천광역시,서구
23,23040,2304054,weekday,197610,175024,1207,21378,인천광역시,연수구
23,23020,2302058,weekday,19738,16981,179,2578,인천광역시,동구
23,23010,2301057,weekday,21462,18227,143,3092,인천광역시,인천_중구
23,23080,2308053,weekday,613482,513619,7593,92270,인천광역시,서구
23,23060,2306069,weekday,767064,620123,14082,132859,인천광역시,부평구
23,23310,2331035,weekday,256399,214734,1248,40417,인천광역시,강화군
23,23050,2305057,weekday,244856,211029,2563,31263,인천광역시,남동구
23,23310,2331031,weekday,186271,161354,961,23957,인천광역시,강화군
23,23050,2305054,weekday,124651,109154,999,14498,인천광역시,남동구
23,23030,2303068,weekday,115376,100039,1012,14325,인천광역시,남구
23,23010,2301065,weekday,1263699,1042771,49954,170974,인천광역시,인천_중구
23,23030,2303071,weekday,59945,52891,447,6606,인천광역시,남구
23,23010,2301066,weekday,79161,73762,332,5066,인천광역시,인천_중구
23,23050,2305063,weekday,72986,63316,928,8741,인천광역시,남동구
23,23080,2308056,weekday,204053,167084,1845,35124,인천광역시,서구
23,23040,2304065,weekday,278017,253485,1594,22938,인천광역시,연수구
23,23310,2331039,weekday,85762,73504,410,11847,인천광역시,강화군
23,23050,2305060,weekday,53035,47358,473,5204,인천광역시,남동구
23,23310,2331037,weekday,121614,104468,561,16585,인천광역시,강화군
23,23070,2307056,weekday,139820,123602,690,15528,인천광역시,계양구
23,23060,2306071,weekday,91823,78163,1241,12419,인천광역시,부평구
23,23030,2303065,weekday,123691,108926,813,13953,인천광역시,남구
23,23030,2303061,weekday,119912,106856,660,12397,인천광역시,남구
23,23050,2305062,weekday,82745,70679,1368,10697,인천광역시,남동구
23,23050,2305059,weekday,130171,112625,1347,16199,인천광역시,남동구
23,23050,2305055,weekday,151424,135488,889,15047,인천광역시,남동구
23,23060,2306063,weekday,178289,152609,1089,24591,인천광역시,부평구
23,23080,2308069,weekday,140849,121763,838,18248,인천광역시,서구
23,23080,2308058,weekday,110362,92107,970,17285,인천광역시,서구
23,23080,2308051,weekday,1475089,1211856,33116,230117,인천광역시,서구
23,23310,2331011,weekday,288666,246502,1801,40363,인천광역시,강화군
23,23310,2331038,weekday,72325,63450,250,8625,인천광역시,강화군
23,23010,2301061,weekday,6762,5878,28,856,인천광역시,인천_중구
23,23310,2331040,weekday,56184,49161,172,6851,인천광역시,강화군
23,23030,2303070,weekday,133852,118127,814,14912,인천광역시,남구
23,23080,2308078,weekday,181287,161575,843,18869,인천광역시,서구
23,23010,2301063,weekday,315266,281964,2123,31179,인천광역시,인천_중구
23,23310,2331034,weekday,261432,222240,1177,38014,인천광역시,강화군
23,23040,2304064,weekday,405705,348218,3250,54238,인천광역시,연수구
23,23080,2308079,weekday,541880,439242,6400,96238,인천광역시,서구
23,23020,2302060,weekday,48266,41717,266,6283,인천광역시,동구
23,23080,2308065,weekday,153284,128653,1845,22786,인천광역시,서구
23,23050,2305061,weekday,33194,29124,323,3747,인천광역시,남동구
23,23050,2305064,weekday,315209,254065,4643,56501,인천광역시,남동구
23,23020,2302064,weekday,16906,14833,127,1946,인천광역시,동구
23,23040,2304053,weekday,148430,134103,686,13641,인천광역시,연수구
23,23070,2307053,weekday,133673,113239,2103,18331,인천광역시,계양구
23,23070,2307057,weekday,168375,143315,1383,23677,인천광역시,계양구
23,23060,2306055,weekday,138205,123705,761,13738,인천광역시,부평구
23,23010,2301064,weekday,1425964,1184768,34269,206927,인천광역시,인천_중구
23,23080,2308074,weekday,407543,337912,3198,66433,인천광역시,서구
23,23060,2306059,weekday,99210,87470,613,11127,인천광역시,부평구
23,23010,2301053,weekday,115312,93520,928,20864,인천광역시,인천_중구
23,23030,2303075,weekday,130208,111181,861,18165,인천광역시,남구
23,23070,2307061,weekday,464420,381840,6456,76124,인천광역시,계양구
23,23030,2303054,weekday,31896,28592,138,3166,인천광역시,남구
23,23030,2303059,weekday,291170,240777,2579,47814,인천광역시,남구
23,23010,2301056,weekday,12990,11552,62,1376,인천광역시,인천_중구
23,23060,2306053,weekday,101901,89338,808,11755,인천광역시,부평구
23,23040,2304058,weekday,217560,187654,1580,28325,인천광역시,연수구
23,23070,2307054,weekday,62175,53112,1143,7920,인천광역시,계양구
23,23040,2304051,weekday,182088,154897,1201,25990,인천광역시,연수구
23,23310,2331041,weekday,187612,156440,745,30427,인천광역시,강화군
23,23060,2306052,weekday,161341,142909,1079,17353,인천광역시,부평구
23,23080,2308077,weekday,1028147,813023,10122,205002,인천광역시,서구
23,23080,2308070,weekday,284408,238616,2319,43474,인천광역시,서구
23,23320,2332037,weekday,200053,177193,958,21903,인천광역시,옹진군
23,23030,2303066,weekday,129119,112938,937,15244,인천광역시,남구
23,23070,2307062,weekday,142932,128596,600,13736,인천광역시,계양구
23,23080,2308063,weekday,55217,48257,439,6521,인천광역시,서구
23,23060,2306061,weekday,98212,84804,627,12781,인천광역시,부평구
23,23060,2306057,weekday,85680,73582,759,11339,인천광역시,부평구
23,23080,2308054,weekday,411014,344244,3616,63154,인천광역시,서구
23,23030,2303074,weekday,109130,93077,962,15091,인천광역시,남구
23,23070,2307055,weekday,118261,103139,1111,14011,인천광역시,계양구
23,23020,2302053,weekday,58689,45632,691,12366,인천광역시,동구
23,23030,2303077,weekday,313839,268072,2735,43032,인천광역시,남구
23,23010,2301052,weekday,282792,224321,2130,56341,인천광역시,인천_중구
23,23060,2306058,weekday,90161,78757,537,10867,인천광역시,부평구
23,23050,2305067,weekday,1323389,1094682,12905,215802,인천광역시,남동구
23,23070,2307063,weekday,1274708,1026573,29105,219030,인천광역시,계양구
23,23040,2304063,weekday,1173166,888294,18378,266493,인천광역시,연수구
23,23030,2303062,weekday,141666,123317,983,17366,인천광역시,남구
23,23050,2305051,weekday,191035,170261,1204,19570,인천광역시,남동구
23,23080,2308059,weekday,263122,218166,2702,42255,인천광역시,서구
23,23030,2303073,weekday,164506,145173,1032,18300,인천광역시,남구
23,23040,2304052,weekday,604720,476597,8294,119829,인천광역시,연수구
23,23060,2306065,weekday,710500,577513,10860,122126,인천광역시,부평구
23,23080,2308073,weekday,315866,255078,2505,58283,인천광역시,서구
23,23030,2303072,weekday,85896,76870,495,8531,인천광역시,남구
23,23050,2305053,weekday,352161,313911,2326,35924,인천광역시,남동구
23,23060,2306062,weekday,484350,408501,3538,72311,인천광역시,부평구
23,23050,2305065,weekday,1514201,1215799,24191,274211,인천광역시,남동구
23,23060,2306072,weekday,177424,157119,957,19347,인천광역시,부평구
23,23310,2331032,weekday,249318,213664,1172,34482,인천광역시,강화군
23,23080,2308062,weekday,630942,514180,7044,109717,인천광역시,서구
23,23070,2307064,weekday,1162740,926411,26785,209544,인천광역시,계양구
23,23080,2308060,weekday,302442,247538,2820,52084,인천광역시,서구
23,23030,2303057,weekday,40859,36042,207,4610,인천광역시,남구
23,23070,2307051,weekday,74691,65902,241,8548,인천광역시,계양구
23,23050,2305072,weekday,755571,580978,10639,163955,인천광역시,남동구
23,23010,2301060,weekday,64542,50596,393,13553,인천광역시,인천_중구
23,23020,2302055,weekday,34194,29003,213,4977,인천광역시,동구
23,23030,2303052,weekday,54127,47594,271,6262,인천광역시,남구
23,23040,2304057,weekday,358209,298244,3314,56651,인천광역시,연수구
23,23060,2306060,weekday,52006,46055,249,5703,인천광역시,부평구
23,23040,2304055,weekday,43962,40816,123,3023,인천광역시,연수구
23,23030,2303056,weekday,311272,258047,2884,50341,인천광역시,남구
23,23060,2306066,weekday,72660,63948,900,7812,인천광역시,부평구
23,23070,2307052,weekday,332709,276056,2676,53977,인천광역시,계양구
23,23080,2308064,weekday,253873,218177,2237,33458,인천광역시,서구
23,23070,2307058,weekday,947240,769678,11313,166249,인천광역시,계양구
23,23030,2303076,weekday,156070,134660,1121,20289,인천광역시,남구
23,23020,2302057,weekday,113036,93642,888,18506,인천광역시,동구
23,23050,2305056,weekday,46196,41745,268,4183,인천광역시,남동구
23,23060,2306070,weekday,169907,146383,1615,21910,인천광역시,부평구
23,23030,2303069,weekday,181851,155514,1484,24853,인천광역시,남구
23,23040,2304060,weekday,228367,193171,1496,33700,인천광역시,연수구
23,23020,2302061,weekday,142033,121618,1062,19353,인천광역시,동구
23,23080,2308055,weekday,237485,195408,2397,39679,인천광역시,서구
23,23050,2305074,weekday,1227508,1041762,12060,173685,인천광역시,남동구
23,23040,2304056,weekday,238517,212449,1380,24688,인천광역시,연수구
23,23030,2303067,weekday,32309,28705,153,3451,인천광역시,남구
23,23030,2303060,weekday,707589,564511,8978,134101,인천광역시,남구
23,23310,2331033,weekday,433185,365666,2362,65157,인천광역시,강화군
23,23310,2331036,weekday,152021,130259,675,21088,인천광역시,강화군
23,23020,2302052,weekday,14954,12819,76,2060,인천광역시,동구
23,23020,2302051,weekday,27403,23044,136,4222,인천광역시,동구
31,31160,3116060,weekday,46927,41837,239,4850,경기도,군포시
31,31014,3101465,weekday,278576,240040,2306,36230,경기도,수원시 영통구
31,31050,3105086,weekday,761163,634471,6440,120253,경기도,부천시
31,31011,3101157,weekday,89078,76883,654,11541,경기도,수원시 장안구
31,31200,3120054,weekday,268360,213787,1871,52702,경기도,파주시
31,31180,3118063,weekday,488008,403879,11380,72749,경기도,하남시
31,31193,3119355,weekday,365196,302820,5930,56446,경기도,용인시 수지구
31,31200,3120013,weekday,409674,323688,1723,84263,경기도,파주시
31,31193,3119358,weekday,47152,43331,221,3600,경기도,용인시 수지구
31,31021,3102156,weekday,24389,20836,109,3444,경기도,성남시 수정구
31,31270,3127039,weekday,245658,187752,2768,55139,경기도,포천시
31,31101,3110164,weekday,1044654,808111,14233,222310,경기도,고양시 덕양구
31,31030,3103066,weekday,740239,573542,9970,156726,경기도,의정부시
31,31260,3126052,weekday,831484,640116,8278,183089,경기도,양주시
31,31180,3118051,weekday,1547235,1126084,32602,388549,경기도,하남시
31,31270,3127040,weekday,99847,78168,970,20708,경기도,포천시
31,31011,3101163,weekday,480835,366682,11690,102463,경기도,수원시 장안구
31,31042,3104261,weekday,274146,238052,2872,33222,경기도,안양시 동안구
31,31080,3108051,weekday,33413,26668,222,6522,경기도,동두천시
31,31200,3120031,weekday,441886,353917,3971,83998,경기도,파주시
31,31150,3115061,weekday,777583,669310,4309,103964,경기도,시흥시
31,31014,3101462,weekday,1102386,859372,26537,216477,경기도,수원시 영통구
31,31041,3104155,weekday,48913,44356,250,4307,경기도,안양시 만안구
31,31050,3105051,weekday,68928,61215,339,7374,경기도,부천시
31,31030,3103065,weekday,330280,251274,6326,72680,경기도,의정부시
31,31210,3121032,weekday,132073,106077,954,25043,경기도,이천시
31,31192,3119256,weekday,937525,724493,21196,191836,경기도,용인시 기흥구
31,31260,3126011,weekday,451799,356965,1981,92853,경기도,양주시
31,31060,3106054,weekday,20348,13988,103,6257,경기도,광명시
31,31021,3102157,weekday,33175,27712,219,5244,경기도,성남시 수정구
31,31150,3115055,weekday,1373999,1077393,20824,275782,경기도,시흥시
31,31012,3101254,weekday,77310,67563,612,9136,경기도,수원시 권선구
31,31210,3121012,weekday,1082060,784624,25299,272137,경기도,이천시
31,31230,3123035,weekday,401502,339365,3619,58517,경기도,김포시
31,31210,3121036,weekday,368331,251205,8168,108957,경기도,이천시
31,31013,3101367,weekday,55891,49408,365,6118,경기도,수원시 팔달구
31,31023,3102378,weekday,83312,74417,293,8602,경기도,성남시 분당구
31,31070,3107037,weekday,416404,306916,3743,105745,경기도,평택시
31,31180,3118053,weekday,283113,239560,2719,40834,경기도,하남시
31,31380,3138041,weekday,117932,96345,1221,20366,경기도,양평군
31,31200,3120012,weekday,461110,365113,3748,92248,경기도,파주시
31,31130,3113051,weekday,383808,304608,4251,74950,경기도,남양주시
31,31080,3108053,weekday,59370,46540,459,12370,경기도,동두천시
31,31030,3103052,weekday,255855,210780,1882,43193,경기도,의정부시
31,31150,3115067,weekday,162217,136859,727,24630,경기도,시흥시
31,31200,3120055,weekday,2106213,1666021,19907,420284,경기도,파주시
31,31192,3119254,weekday,1383745,1092350,58699,232696,경기도,용인시 기흥구
31,31103,3110351,weekday,367699,262631,2189,102878,경기도,고양시 일산동구
31,31011,3101155,weekday,240822,210588,1759,28475,경기도,수원시 장안구
31,31230,3123036,weekday,219822,190495,1162,28165,경기도,김포시
31,31192,3119259,weekday,1421082,1137110,39316,244656,경기도,용인시 기흥구
31,31130,3113032,weekday,157556,126081,1593,29883,경기도,남양주시
31,31011,3101154,weekday,856209,673807,19360,163042,경기도,수원시 장안구
31,31103,3110358,weekday,1029647,796057,12444,221146,경기도,고양시 일산동구
31,31191,3119132,weekday,756804,618338,12951,125515,경기도,용인시 처인구
31,31023,3102375,weekday,365587,326838,2659,36089,경기도,성남시 분당구
31,31050,3105074,weekday,83597,75341,503,7753,경기도,부천시
31,31280,3128032,weekday,490692,374729,9936,106026,경기도,여주시
31,31013,3101353,weekday,39215,35459,233,3523,경기도,수원시 팔달구
31,31104,3110453,weekday,146832,113202,1023,32607,경기도,고양시 일산서구
31,31080,3108060,weekday,155244,121182,1264,32798,경기도,동두천시
31,31103,3110354,weekday,378326,275568,3660,99098,경기도,고양시 일산동구
31,31041,3104151,weekday,118375,106979,629,10767,경기도,안양시 만안구
31,31030,3103056,weekday,826036,628086,13526,184424,경기도,의정부시
31,31041,3104164,weekday,565280,439893,5509,119877,경기도,안양시 만안구
31,31011,3101158,weekday,129875,112199,1097,16580,경기도,수원시 장안구
31,31050,3105082,weekday,133249,111003,834,21412,경기도,부천시
31,31013,3101354,weekday,170507,144924,1955,23628,경기도,수원시 팔달구
31,31160,3116059,weekday,41286,36727,167,4391,경기도,군포시
31,31042,3104255,weekday,71746,67045,312,4390,경기도,안양시 동안구
31,31060,3106062,weekday,220379,157590,1230,61560,경기도,광명시
31,31050,3105056,weekday,62138,54050,330,7758,경기도,부천시
31,31023,3102359,weekday,115465,100686,866,13913,경기도,성남시 분당구
31,31230,3123058,weekday,323850,270798,2134,50918,경기도,김포시
31,31240,3124061,weekday,567892,507336,6384,54172,경기도,화성시
31,31130,3113057,weekday,1435858,1102635,24764,308459,경기도,남양주시
31,31350,3135036,weekday,72737,57190,561,14986,경기도,연천군
31,31193,3119353,weekday,225151,192841,3993,28318,경기도,용인시 수지구
31,31191,3119136,weekday,1660553,1173744,42918,443891,경기도,용인시 처인구
31,31041,3104162,weekday,33627,31319,89,2219,경기도,안양시 만안구
31,31030,3103057,weekday,306573,245236,2722,58615,경기도,의정부시
31,31210,3121054,weekday,262179,203691,2082,56406,경기도,이천시
31,31380,3138031,weekday,206413,162324,3467,40622,경기도,양평군
31,31240,3124015,weekday,1422280,1052512,13044,356724,경기도,화성시
31,31220,3122040,weekday,512674,360079,9892,142703,경기도,안성시
31,31092,3109276,weekday,270577,223744,1769,45064,경기도,안산시 단원구
31,31070,3107059,weekday,263608,210093,2742,50774,경기도,평택시
31,31104,3110458,weekday,1468052,1131690,17497,318865,경기도,고양시 일산서구
31,31250,3125051,weekday,478642,372137,2375,104130,경기도,광주시
31,31270,3127033,weekday,413877,308688,4862,100327,경기도,포천시
31,31021,3102165,weekday,634512,512492,14829,107191,경기도,성남시 수정구
31,31060,3106057,weekday,109524,76508,633,32383,경기도,광명시
31,31192,3119261,weekday,1229484,958353,44800,226331,경기도,용인시 기흥구
31,31050,3105066,weekday,288781,256148,1797,30836,경기도,부천시
31,31101,3110167,weekday,228327,188735,844,38749,경기도,고양시 덕양구
31,31140,3114054,weekday,677354,564317,11047,101989,경기도,오산시
31,31103,3110356,weekday,313025,240467,2239,70319,경기도,고양시 일산동구
31,31050,3105072,weekday,45116,39963,243,4910,경기도,부천시
31,31200,3120052,weekday,122149,97349,916,23883,경기도,파주시
31,31240,3124036,weekday,1081356,770846,24608,285902,경기도,화성시
31,31014,3101466,weekday,215749,187217,1871,26661,경기도,수원시 영통구
31,31021,3102152,weekday,59541,49231,405,9905,경기도,성남시 수정구
31,31060,3106056,weekday,135043,92366,528,42149,경기도,광명시
31,31050,3105053,weekday,54850,49139,277,5435,경기도,부천시
31,31280,3128052,weekday,276552,217142,4031,55378,경기도,여주시
31,31240,3124054,weekday,89446,80349,413,8683,경기도,화성시
31,31092,3109266,weekday,2750278,2244851,17637,487790,경기도,안산시 단원구
31,31210,3121034,weekday,1460533,1002895,39905,417733,경기도,이천시
31,31180,3118064,weekday,927284,737382,19662,170240,경기도,하남시
31,31041,3104154,weekday,32254,29866,126,2262,경기도,안양시 만안구
31,31060,3106065,weekday,109604,79721,735,29147,경기도,광명시
31,31080,3108056,weekday,245432,193395,824,51213,경기도,동두천시
31,31091,3109177,weekday,277776,229037,2117,46622,경기도,안산시 상록구
31,31380,3138036,weekday,164438,132649,2454,29336,경기도,양평군
31,31240,3124014,weekday,1910106,1525972,21814,362321,경기도,화성시
31,31210,3121031,weekday,438925,330970,5734,102221,경기도,이천시
31,31250,3125012,weekday,2289541,1673923,45981,569636,경기도,광주시
31,31200,3120036,weekday,316000,246567,2531,66903,경기도,파주시
31,31070,3107060,weekday,124919,99473,1190,24255,경기도,평택시
31,31200,3120032,weekday,1262574,999320,11497,251757,경기도,파주시
31,31013,3101355,weekday,137620,118045,1511,18064,경기도,수원시 팔달구
31,31350,3135012,weekday,325494,253728,2706,69060,경기도,연천군
31,31022,3102254,weekday,89600,72361,1424,15815,경기도,성남시 중원구
31,31101,3110159,weekday,885410,686996,10798,187616,경기도,고양시 덕양구
31,31130,3113054,weekday,799504,639213,11575,148715,경기도,남양주시
31,31022,3102262,weekday,34673,27795,144,6733,경기도,성남시 중원구
31,31050,3105075,weekday,188302,157437,1397,29468,경기도,부천시
31,31104,3110452,weekday,182135,133119,1227,47789,경기도,고양시 일산서구
31,31021,3102160,weekday,59301,49524,365,9412,경기도,성남시 수정구
31,31370,3137011,weekday,312034,232041,3421,76572,경기도,가평군
31,31070,3107051,weekday,375113,307762,5201,62149,경기도,평택시
31,31012,3101257,weekday,288388,245539,2764,40085,경기도,수원시 권선구
31,31280,3128033,weekday,449985,340922,11971,97092,경기도,여주시
31,31101,3110165,weekday,52911,42709,251,9951,경기도,고양시 덕양구
31,31140,3114052,weekday,775946,619097,24687,132162,경기도,오산시
31,31230,3123060,weekday,837398,690455,8018,138925,경기도,김포시
31,31170,3117056,weekday,2043798,1704939,29063,309796,경기도,의왕시
31,31270,3127041,weekday,149813,114365,1707,33741,경기도,포천시
31,31060,3106058,weekday,157880,118193,1501,38187,경기도,광명시
31,31240,3124056,weekday,191685,159712,1796,30177,경기도,화성시
31,31260,3126053,weekday,372349,285262,3698,83389,경기도,양주시
31,31250,3125036,weekday,107121,86124,1003,19994,경기도,광주시
31,31110,3111053,weekday,51272,47793,222,3257,경기도,과천시
31,31070,3107013,weekday,1987760,1380937,36566,570257,경기도,평택시
31,31060,3106067,weekday,818744,617157,8907,192680,경기도,광명시
31,31030,3103060,weekday,756334,581034,9210,166089,경기도,의정부시
31,31042,3104253,weekday,102422,95481,547,6393,경기도,안양시 동안구
31,31021,3102158,weekday,16604,13444,78,3082,경기도,성남시 수정구
31,31050,3105059,weekday,264185,221440,1669,41076,경기도,부천시
31,31180,3118056,weekday,175932,144948,1763,29221,경기도,하남시
31,31104,3110456,weekday,76135,57908,493,17735,경기도,고양시 일산서구
31,31380,3138033,weekday,678853,533771,12519,132562,경기도,양평군
31,31350,3135037,weekday,5309,4211,18,1080,경기도,연천군
31,31220,3122035,weekday,459734,334563,6758,118412,경기도,안성시
31,31013,3101370,weekday,104033,91080,745,12208,경기도,수원시 팔달구
31,31180,3118060,weekday,598520,472799,14493,111228,경기도,하남시
31,31280,3128035,weekday,153764,118902,2509,32353,경기도,여주시
31,31021,3102166,weekday,1739565,1359171,52920,327473,경기도,성남시 수정구
31,31240,3124055,weekday,424496,362563,4937,56997,경기도,화성시
31,31160,3116054,weekday,98743,87726,482,10535,경기도,군포시
31,31280,3128037,weekday,499217,371626,15732,111859,경기도,여주시
31,31022,3102260,weekday,453388,362603,5039,85747,경기도,성남시 중원구
31,31140,3114055,weekday,863381,701037,15982,146362,경기도,오산시
31,31092,3109274,weekday,218292,187466,1383,29443,경기도,안산시 단원구
31,31191,3119113,weekday,973847,687797,7280,278770,경기도,용인시 처인구
31,31091,3109158,weekday,633661,510193,9828,113641,경기도,안산시 상록구
31,31092,3109270,weekday,511277,404676,9062,97539,경기도,안산시 단원구
31,31022,3102255,weekday,14290,11741,64,2485,경기도,성남시 중원구
31,31170,3117052,weekday,1036720,818767,19234,198720,경기도,의왕시
31,31092,3109275,weekday,259215,225545,1429,32240,경기도,안산시 단원구
31,31030,3103053,weekday,61293,51137,265,9891,경기도,의정부시
31,31070,3107061,weekday,21230,17303,184,3743,경기도,평택시
31,31014,3101451,weekday,73615,63344,722,9549,경기도,수원시 영통구
31,31240,3124065,weekday,550947,483818,8987,58142,경기도,화성시
31,31070,3107053,weekday,720528,540079,13467,166982,경기도,평택시
31,31193,3119356,weekday,307908,256902,5985,45021,경기도,용인시 수지구
31,31011,3101161,weekday,297144,232374,6814,57957,경기도,수원시 장안구
31,31200,3120026,weekday,1215,980,3,232,경기도,파주시
31,31023,3102354,weekday,115915,102665,634,12617,경기도,성남시 분당구
31,31011,3101162,weekday,237892,206619,1714,29559,경기도,수원시 장안구
31,31170,3117054,weekday,107689,98767,732,8190,경기도,의왕시
31,31050,3105080,weekday,520164,423375,4107,92683,경기도,부천시
31,31240,3124035,weekday,827632,610607,12520,204505,경기도,화성시
31,31013,3101372,weekday,100250,89622,651,9977,경기도,수원시 팔달구
31,31012,3101252,weekday,159147,135121,1625,22400,경기도,수원시 권선구
31,31180,3118065,weekday,35745,30339,123,5283,경기도,하남시
31,31160,3116061,weekday,157572,137758,916,18898,경기도,군포시
31,31270,3127038,weekday,225659,170949,2500,52211,경기도,포천시
31,31050,3105078,weekday,208888,172729,1381,34778,경기도,부천시
31,31012,3101253,weekday,224800,192295,2125,30380,경기도,수원시 권선구
31,31260,3126056,weekday,560407,436597,4476,119334,경기도,양주시
31,31042,3104256,weekday,190904,174656,1289,14959,경기도,안양시 동안구
31,31250,3125038,weekday,1245437,873899,29569,341968,경기도,광주시
31,31070,3107011,weekday,956571,755672,11302,189596,경기도,평택시
31,31023,3102368,weekday,1494553,1209486,30062,255006,경기도,성남시 분당구
31,31180,3118059,weekday,644570,511302,15207,118060,경기도,하남시
31,31380,3138040,weekday,401073,332025,3913,65134,경기도,양평군
31,31120,3112057,weekday,35479,29780,306,5393,경기도,구리시
31,31050,3105067,weekday,170750,152651,846,17254,경기도,부천시
31,31220,3122051,weekday,119357,81821,2062,35474,경기도,안성시
31,31023,3102356,weekday,97985,87226,514,10245,경기도,성남시 분당구
31,31091,3109178,weekday,319722,265867,1894,51961,경기도,안산시 상록구
31,31160,3116058,weekday,119962,101436,929,17598,경기도,군포시
31,31380,3138037,weekday,152352,119003,2187,31162,경기도,양평군
31,31170,3117051,weekday,668325,544207,10439,113680,경기도,의왕시
31,31080,3108058,weekday,281149,220437,2290,58422,경기도,동두천시
31,31070,3107033,weekday,849929,652230,15104,182596,경기도,평택시
31,31200,3120037,weekday,457450,354952,3280,99218,경기도,파주시
31,31150,3115053,weekday,560399,465401,3976,91021,경기도,시흥시
31,31280,3128051,weekday,708901,525393,21164,162345,경기도,여주시
31,31380,3138011,weekday,493000,399666,6947,86387,경기도,양평군
31,31130,3113035,weekday,373501,293982,6084,73435,경기도,남양주시
31,31191,3119134,weekday,333267,225408,4012,103847,경기도,용인시 처인구
31,31350,3135038,weekday,18981,14876,77,4027,경기도,연천군
31,31023,3102352,weekday,34591,31243,130,3217,경기도,성남시 분당구
31,31350,3135035,weekday,13252,10514,29,2710,경기도,연천군
31,31103,3110361,weekday,136621,102415,837,33369,경기도,고양시 일산동구
31,31150,3115051,weekday,1392932,1089887,17728,285318,경기도,시흥시
31,31050,3105083,weekday,616751,503880,5651,107219,경기도,부천시
31,31240,3124042,weekday,860106,673686,15547,170873,경기도,화성시
31,31200,3120011,weekday,738409,580233,5585,152591,경기도,파주시
31,31110,3111051,weekday,88622,82742,364,5516,경기도,과천시
31,31250,3125014,weekday,1508892,1147575,26219,335098,경기도,광주시
31,31150,3115064,weekday,563153,464165,5380,93608,경기도,시흥시
31,31042,3104257,weekday,223014,206174,1183,15657,경기도,안양시 동안구
31,31240,3124012,weekday,1846175,1481421,23868,340886,경기도,화성시
31,31210,3121052,weekday,519119,372698,11393,135029,경기도,이천시
31,31191,3119111,weekday,1030873,817255,18510,195108,경기도,용인시 처인구
31,31192,3119260,weekday,188423,158905,1670,27847,경기도,용인시 기흥구
31,31050,3105084,weekday,124095,103805,835,19454,경기도,부천시
31,31042,3104254,weekday,82281,76646,384,5252,경기도,안양시 동안구
31,31050,3105068,weekday,100029,90471,459,9100,경기도,부천시
31,31120,3112053,weekday,223297,175908,3322,44067,경기도,구리시
31,31041,3104161,weekday,452269,372964,4751,74555,경기도,안양시 만안구
31,31022,3102259,weekday,11048,8506,30,2511,경기도,성남시 중원구
31,31150,3115059,weekday,487003,371676,5487,109840,경기도,시흥시
31,31220,3122042,weekday,150138,102834,990,46314,경기도,안성시
31,31101,3110169,weekday,236954,193126,1184,42644,경기도,고양시 덕양구
31,31230,3123053,weekday,185928,157623,1352,26953,경기도,김포시
31,31191,3119152,weekday,433283,373734,3269,56280,경기도,용인시 처인구
31,31380,3138034,weekday,226896,182766,3935,40195,경기도,양평군
31,31050,3105070,weekday,412653,352346,4144,56162,경기도,부천시
31,31240,3124052,weekday,873720,733043,8964,131713,경기도,화성시
31,31091,3109151,weekday,190641,158633,1970,30038,경기도,안산시 상록구
31,31280,3128034,weekday,492801,366272,13957,112571,경기도,여주시
31,31092,3109272,weekday,645090,554527,3959,86603,경기도,안산시 단원구
31,31170,3117053,weekday,557673,466622,7703,83348,경기도,의왕시
31,31240,3124064,weekday,113745,104870,767,8109,경기도,화성시
31,31110,3111054,weekday,8285,7866,19,400,경기도,과천시
31,31092,3109259,weekday,310411,275392,1345,33674,경기도,안산시 단원구
31,31101,3110156,weekday,153315,126772,630,25913,경기도,고양시 덕양구
31,31270,3127037,weekday,346611,264500,4005,78107,경기도,포천시
31,31130,3113052,weekday,374818,300549,3731,70538,경기도,남양주시
31,31060,3106063,weekday,76533,53888,343,22302,경기도,광명시
31,31091,3109154,weekday,429552,354683,3291,71578,경기도,안산시 상록구
31,31240,3124013,weekday,897235,684460,15337,197439,경기도,화성시
31,31380,3138035,weekday,492696,420531,17423,54743,경기도,양평군
31,31023,3102367,weekday,364362,323124,2169,39069,경기도,성남시 분당구
31,31193,3119357,weekday,664408,518981,14369,131058,경기도,용인시 수지구
31,31103,3110359,weekday,306713,237319,2249,67146,경기도,고양시 일산동구
31,31041,3104160,weekday,363931,300701,3198,60032,경기도,안양시 만안구
31,31042,3104260,weekday,98238,91327,481,6431,경기도,안양시 동안구
31,31042,3104265,weekday,81703,76301,326,5075,경기도,안양시 동안구
31,31023,3102377,weekday,684160,586789,6396,90975,경기도,성남시 분당구
31,31240,3124062,weekday,200954,176594,1786,22574,경기도,화성시
31,31021,3102155,weekday,25556,21517,106,3934,경기도,성남시 수정구
31,31150,3115054,weekday,822173,653980,10629,157564,경기도,시흥시
31,31230,3123013,weekday,1337773,1085863,12279,239631,경기도,김포시
31,31021,3102159,weekday,370469,299061,6353,65055,경기도,성남시 수정구
31,31220,3122052,weekday,236607,166992,5129,64486,경기도,안성시
31,31060,3106052,weekday,26868,18784,141,7943,경기도,광명시
31,31220,3122053,weekday,183854,129562,2288,52004,경기도,안성시
31,31260,3126054,weekday,245481,192071,1394,52016,경기도,양주시
31,31240,3124057,weekday,822669,679544,8594,134531,경기도,화성시
31,31260,3126033,weekday,513125,403829,2262,107033,경기도,양주시
31,31200,3120038,weekday,13726,10902,36,2788,경기도,파주시
31,31050,3105065,weekday,108355,95865,674,11816,경기도,부천시
31,31260,3126055,weekday,295288,226512,3399,65377,경기도,양주시
31,31370,3137035,weekday,90162,62150,992,27021,경기도,가평군
31,31021,3102154,weekday,217730,177340,3061,37329,경기도,성남시 수정구
31,31140,3114056,weekday,202666,177838,1922,22906,경기도,오산시
31,31104,3110459,weekday,1041762,801649,9443,230670,경기도,고양시 일산서구
31,31013,3101356,weekday,457955,396132,4213,57610,경기도,수원시 팔달구
31,31250,3125052,weekday,496376,378113,3448,114816,경기도,광주시
31,31180,3118062,weekday,112375,95796,828,15751,경기도,하남시
31,31023,3102360,weekday,340391,298606,2516,39269,경기도,성남시 분당구
31,31193,3119352,weekday,192275,170653,1491,20130,경기도,용인시 수지구
31,31104,3110451,weekday,59859,40828,206,18825,경기도,고양시 일산서구
31,31370,3137031,weekday,950936,801264,34917,114756,경기도,가평군
31,31022,3102256,weekday,59048,49698,313,9037,경기도,성남시 중원구
31,31070,3107057,weekday,29403,25540,249,3614,경기도,평택시
31,31230,3123056,weekday,304963,261254,1951,41758,경기도,김포시
31,31180,3118054,weekday,131052,101397,2938,26717,경기도,하남시
31,31030,3103059,weekday,764042,589569,12013,162460,경기도,의정부시
31,31270,3127051,weekday,143558,105919,1195,36443,경기도,포천시
31,31101,3110168,weekday,1171766,910820,25037,235909,경기도,고양시 덕양구
31,31192,3119253,weekday,489389,416499,10943,61947,경기도,용인시 기흥구
31,31012,3101256,weekday,467266,400796,4144,62326,경기도,수원시 권선구
31,31041,3104157,weekday,107596,100150,449,6997,경기도,안양시 만안구
31,31080,3108052,weekday,60359,47585,396,12378,경기도,동두천시
31,31270,3127034,weekday,470563,351591,4764,114207,경기도,포천시
31,31180,3118052,weekday,13897,11622,84,2191,경기도,하남시
31,31014,3101464,weekday,151169,128786,1492,20891,경기도,수원시 영통구
31,31012,3101262,weekday,854154,679703,14856,159595,경기도,수원시 권선구
31,31041,3104156,weekday,96139,86203,507,9428,경기도,안양시 만안구
31,31220,3122033,weekday,177054,125119,4236,47699,경기도,안성시
31,31191,3119153,weekday,1027145,766413,25894,234837,경기도,용인시 처인구
31,31070,3107012,weekday,903419,677377,11819,214223,경기도,평택시
31,31240,3124060,weekday,167074,153288,1310,12476,경기도,화성시
31,31192,3119255,weekday,283344,250515,3519,29309,경기도,용인시 기흥구
31,31060,3106064,weekday,84036,59249,337,24450,경기도,광명시
31,31240,3124053,weekday,270875,226229,2871,41775,경기도,화성시
31,31380,3138039,weekday,169625,139892,1138,28595,경기도,양평군
31,31092,3109269,weekday,433024,354953,5752,72319,경기도,안산시 단원구
31,31070,3107063,weekday,458952,362750,12719,83483,경기도,평택시
31,31050,3105069,weekday,528609,440023,6761,81826,경기도,부천시
31,31160,3116062,weekday,1331828,1007020,30077,294731,경기도,군포시
31,31240,3124067,weekday,54563,45250,89,9224,경기도,화성시
31,31380,3138032,weekday,72649,58072,676,13901,경기도,양평군
31,31041,3104153,weekday,34438,32336,86,2016,경기도,안양시 만안구
31,31370,3137033,weekday,324634,253284,3990,67360,경기도,가평군
31,31103,3110352,weekday,156434,109049,668,46717,경기도,고양시 일산동구
31,31230,3123054,weekday,134360,118137,744,15478,경기도,김포시
31,31050,3105079,weekday,134686,109688,686,24311,경기도,부천시
31,31023,3102371,weekday,1462880,1156234,56572,250074,경기도,성남시 분당구
31,31050,3105073,weekday,157333,136823,1668,18842,경기도,부천시
31,31130,3113053,weekday,168815,136925,1211,30679,경기도,남양주시
31,31030,3103067,weekday,310495,242701,2918,64877,경기도,의정부시
31,31103,3110360,weekday,542667,427867,4012,110788,경기도,고양시 일산동구
31,31030,3103061,weekday,184457,147674,1247,35535,경기도,의정부시
31,31280,3128031,weekday,204850,143365,4131,57354,경기도,여주시
31,31150,3115063,weekday,755697,613918,9419,132360,경기도,시흥시
31,31130,3113015,weekday,239422,181868,1131,56423,경기도,남양주시
31,31014,3101452,weekday,45785,40614,301,4869,경기도,수원시 영통구
31,31130,3113011,weekday,1378043,1124767,30062,223214,경기도,남양주시
31,31270,3127052,weekday,322431,244906,2367,75157,경기도,포천시
31,31080,3108061,weekday,223503,173909,1863,47730,경기도,동두천시
31,31041,3104163,weekday,38195,34515,155,3525,경기도,안양시 만안구
31,31042,3104267,weekday,239798,206687,3045,30066,경기도,안양시 동안구
31,31191,3119151,weekday,300816,235118,2767,62931,경기도,용인시 처인구
31,31060,3106059,weekday,115165,82767,918,31481,경기도,광명시
31,31101,3110157,weekday,192741,152310,2492,37939,경기도,고양시 덕양구
31,31210,3121035,weekday,503261,354076,14431,134754,경기도,이천시
31,31210,3121033,weekday,1365846,935648,38424,391773,경기도,이천시
31,31160,3116052,weekday,872788,697308,13083,162397,경기도,군포시
31,31101,3110163,weekday,157026,124312,886,31828,경기도,고양시 덕양구
31,31041,3104159,weekday,575212,453857,11018,110337,경기도,안양시 만안구
31,31240,3124033,weekday,2288024,1717381,32872,537771,경기도,화성시
31,31130,3113059,weekday,440713,348611,5772,86330,경기도,남양주시
31,31092,3109277,weekday,925925,723375,14829,187721,경기도,안산시 단원구
31,31023,3102353,weekday,292355,253301,2394,36661,경기도,성남시 분당구
31,31103,3110355,weekday,261052,194780,1803,64470,경기도,고양시 일산동구
31,31193,3119359,weekday,239632,207596,3373,28664,경기도,용인시 수지구
31,31200,3120015,weekday,706773,560224,6945,139604,경기도,파주시
31,31160,3116055,weekday,282732,232888,3678,46166,경기도,군포시
31,31120,3112055,weekday,100686,82970,986,16730,경기도,구리시
31,31070,3107014,weekday,2434852,1772059,49201,613593,경기도,평택시
31,31030,3103051,weekday,146528,120412,728,25388,경기도,의정부시
31,31050,3105081,weekday,338472,265406,2974,70091,경기도,부천시
31,31230,3123061,weekday,1041504,851176,9682,180646,경기도,김포시
31,31011,3101159,weekday,86492,75433,591,10469,경기도,수원시 장안구
31,31092,3109273,weekday,464511,406472,1610,56430,경기도,안산시 단원구
31,31250,3125035,weekday,315775,248730,2187,64858,경기도,광주시
31,31050,3105060,weekday,104657,92221,547,11889,경기도,부천시
31,31180,3118055,weekday,21340,17736,128,3476,경기도,하남시
31,31092,3109268,weekday,89278,78416,239,10623,경기도,안산시 단원구
31,31060,3106066,weekday,627768,461751,4367,161650,경기도,광명시
31,31220,3122039,weekday,1479459,984013,40589,454857,경기도,안성시
31,31023,3102355,weekday,47181,41744,270,5167,경기도,성남시 분당구
31,31270,3127036,weekday,301248,229404,3434,68410,경기도,포천시
31,31011,3101156,weekday,57485,50440,328,6718,경기도,수원시 장안구
31,31050,3105071,weekday,78984,68322,443,10219,경기도,부천시
31,31101,3110155,weekday,117067,90968,903,25196,경기도,고양시 덕양구
31,31042,3104263,weekday,477677,403536,6375,67766,경기도,안양시 동안구
31,31193,3119354,weekday,430605,369536,2754,58315,경기도,용인시 수지구
31,31101,3110152,weekday,671775,505168,9029,157577,경기도,고양시 덕양구
31,31042,3104264,weekday,161450,140355,1478,19617,경기도,안양시 동안구
31,31110,3111055,weekday,880886,759060,7543,114283,경기도,과천시
31,31250,3125053,weekday,1530355,1192581,14314,323459,경기도,광주시
31,31150,3115071,weekday,379012,309184,3810,66018,경기도,시흥시
31,31350,3135033,weekday,70036,54889,257,14890,경기도,연천군
31,31042,3104252,weekday,112697,98770,960,12967,경기도,안양시 동안구
31,31220,3122031,weekday,266690,180500,5163,81027,경기도,안성시
31,31101,3110160,weekday,349597,279778,3705,66113,경기도,고양시 덕양구
31,31023,3102362,weekday,179655,154792,1143,23720,경기도,성남시 분당구
31,31120,3112058,weekday,929400,701196,18099,210105,경기도,구리시
31,31070,3107031,weekday,1330658,1039787,46677,244193,경기도,평택시
31,31130,3113013,weekday,1799008,1471098,35652,292258,경기도,남양주시
31,31210,3121011,weekday,270649,191794,5507,73347,경기도,이천시
31,31250,3125034,weekday,1175374,833389,26899,315086,경기도,광주시
31,31070,3107062,weekday,916633,698771,27988,189875,경기도,평택시
31,31030,3103058,weekday,195361,160637,1062,33662,경기도,의정부시
31,31050,3105058,weekday,30951,27279,125,3546,경기도,부천시
31,31350,3135031,weekday,115306,90450,582,24274,경기도,연천군
31,31014,3101454,weekday,68201,59325,551,8325,경기도,수원시 영통구
31,31012,3101265,weekday,359761,289028,6484,64249,경기도,수원시 권선구
31,31150,3115065,weekday,698839,599351,4424,95065,경기도,시흥시
31,31014,3101463,weekday,669800,519335,15404,135061,경기도,수원시 영통구
31,31104,3110457,weekday,398827,302127,3003,93697,경기도,고양시 일산서구
31,31023,3102374,weekday,922175,761201,22390,138584,경기도,성남시 분당구
31,31022,3102251,weekday,473426,378337,7278,87811,경기도,성남시 중원구
31,31101,3110166,weekday,331962,268500,2811,60651,경기도,고양시 덕양구
31,31070,3107056,weekday,187689,156589,3056,28044,경기도,평택시
31,31260,3126034,weekday,1927515,1453903,31977,441635,경기도,양주시
31,31110,3111052,weekday,324249,283523,3005,37721,경기도,과천시
31,31191,3119135,weekday,366088,253224,5132,107732,경기도,용인시 처인구
31,31030,3103055,weekday,660054,509775,9597,140681,경기도,의정부시
31,31350,3135032,weekday,234730,181656,2288,50786,경기도,연천군
31,31270,3127011,weekday,1114764,845858,12662,256244,경기도,포천시
31,31012,3101255,weekday,893789,755176,8139,130475,경기도,수원시 권선구
31,31192,3119262,weekday,1005070,859348,14030,131692,경기도,용인시 기흥구
31,31350,3135011,weekday,168161,131292,1194,35674,경기도,연천군
31,31021,3102151,weekday,20338,16898,84,3356,경기도,성남시 수정구
31,31150,3115070,weekday,832677,682021,8554,142102,경기도,시흥시
31,31130,3113031,weekday,532493,417393,8096,107004,경기도,남양주시
31,31101,3110161,weekday,2544338,1939178,44862,560297,경기도,고양시 덕양구
31,31012,3101261,weekday,415989,351170,4143,60676,경기도,수원시 권선구
31,31260,3126032,weekday,253911,200289,1386,52235,경기도,양주시
31,31220,3122041,weekday,205101,146162,5102,53836,경기도,안성시
31,31370,3137036,weekday,72867,55860,768,16239,경기도,가평군
31,31240,3124031,weekday,1480496,1151556,19794,309147,경기도,화성시
31,31280,3128036,weekday,852492,637640,25347,189505,경기도,여주시
31,31060,3106068,weekday,772385,577527,8822,186036,경기도,광명시
31,31380,3138038,weekday,457300,345705,14290,97306,경기도,양평군
31,31042,3104262,weekday,171652,153702,1254,16696,경기도,안양시 동안구
31,31050,3105062,weekday,148468,129808,1254,17406,경기도,부천시
31,31191,3119154,weekday,271648,215033,2671,53943,경기도,용인시 처인구
31,31280,3128011,weekday,1546857,1084405,45508,416944,경기도,여주시
31,31060,3106061,weekday,11532,7040,24,4468,경기도,광명시
31,31120,3112054,weekday,750989,586859,11425,152705,경기도,구리시
31,31192,3119258,weekday,898253,721771,15746,160737,경기도,용인시 기흥구
31,31023,3102376,weekday,942430,750773,33802,157855,경기도,성남시 분당구
31,31014,3101459,weekday,234888,203402,1714,29772,경기도,수원시 영통구
31,31042,3104266,weekday,113188,98813,1038,13337,경기도,안양시 동안구
31,31050,3105052,weekday,30722,27862,127,2733,경기도,부천시
31,31091,3109162,weekday,222163,188586,1592,31985,경기도,안산시 상록구
31,31280,3128053,weekday,158813,126947,1889,29978,경기도,여주시
31,31050,3105077,weekday,46204,39238,209,6757,경기도,부천시
31,31023,3102364,weekday,146224,123670,1872,20682,경기도,성남시 분당구
31,31160,3116056,weekday,166779,147452,910,18418,경기도,군포시
31,31200,3120057,weekday,175219,143986,875,30359,경기도,파주시
31,31150,3115062,weekday,511139,441432,3066,66641,경기도,시흥시
31,31050,3105076,weekday,73402,61845,534,11023,경기도,부천시
31,31012,3101264,weekday,300397,257502,2754,40141,경기도,수원시 권선구
31,31370,3137032,weekday,618878,485840,9271,123767,경기도,가평군
31,31013,3101371,weekday,213413,183513,1735,28165,경기도,수원시 팔달구
31,31210,3121051,weekday,49053,37017,265,11770,경기도,이천시
31,31042,3104258,weekday,161539,151407,680,9452,경기도,안양시 동안구
31,31070,3107032,weekday,263431,232863,2255,28313,경기도,평택시
31,31060,3106053,weekday,64320,45746,349,18225,경기도,광명시
31,31050,3105063,weekday,46283,43262,184,2836,경기도,부천시
31,31021,3102164,weekday,191358,154344,4454,32561,경기도,성남시 수정구
31,31091,3109156,weekday,163678,141177,1066,21436,경기도,안산시 상록구
31,31193,3119351,weekday,221069,197696,1396,21976,경기도,용인시 수지구
31,31030,3103064,weekday,189371,151717,913,36740,경기도,의정부시
31,31080,3108055,weekday,38420,30129,318,7973,경기도,동두천시
31,31022,3102257,weekday,247115,194600,1038,51478,경기도,성남시 중원구
31,31060,3106051,weekday,17375,11033,52,6290,경기도,광명시
31,31350,3135034,weekday,84203,65859,368,17976,경기도,연천군
31,31050,3105054,weekday,33688,28661,209,4818,경기도,부천시
31,31210,3121053,weekday,151273,116557,1503,33213,경기도,이천시
31,31022,3102253,weekday,48571,36918,1051,10603,경기도,성남시 중원구
31,31101,3110151,weekday,557985,406548,10069,141368,경기도,고양시 덕양구
31,31021,3102161,weekday,60639,50099,475,10066,경기도,성남시 수정구
31,31240,3124043,weekday,1475164,1174732,23296,277137,경기도,화성시
31,31013,3101369,weekday,82724,73899,428,8396,경기도,수원시 팔달구
31,31050,3105061,weekday,50388,46339,244,3805,경기도,부천시
31,31091,3109157,weekday,889443,673205,18185,198053,경기도,안산시 상록구
31,31230,3123062,weekday,244028,205184,1766,37077,경기도,김포시
31,31191,3119112,weekday,663424,513555,6244,143624,경기도,용인시 처인구
31,31270,3127031,weekday,353147,257496,4544,91108,경기도,포천시
31,31280,3128038,weekday,483771,361818,14613,107339,경기도,여주시
31,31021,3102167,weekday,1093215,895481,25892,171842,경기도,성남시 수정구
31,31140,3114053,weekday,257186,224928,2299,29959,경기도,오산시
31,31070,3107052,weekday,132422,111668,1825,18929,경기도,평택시
31,31070,3107058,weekday,26774,22983,227,3564,경기도,평택시
31,31260,3126031,weekday,568513,443341,4104,121067,경기도,양주시
31,31011,3101160,weekday,131724,114716,947,16061,경기도,수원시 장안구
31,31021,3102168,weekday,296123,242662,2033,51429,경기도,성남시 수정구
31,31070,3107034,weekday,1401068,1044103,27877,329088,경기도,평택시
31,31110,3111056,weekday,622562,509059,8882,104621,경기도,과천시
31,31240,3124038,weekday,2345427,1758044,32303,555081,경기도,화성시
31,31200,3120021,weekday,4956,3709,10,1237,경기도,파주시
31,31220,3122034,weekday,680260,485120,18962,176177,경기도,안성시
31,31091,3109176,weekday,220325,192652,1096,26578,경기도,안산시 상록구
31,31170,3117055,weekday,288987,241335,5294,42358,경기도,의왕시
31,31150,3115069,weekday,1287228,988433,22560,276235,경기도,시흥시
31,31210,3121038,weekday,40978,28932,787,11259,경기도,이천시
31,31041,3104158,weekday,109581,90157,1415,18009,경기도,안양시 만안구
31,31022,3102261,weekday,1230380,983731,15274,231375,경기도,성남시 중원구
31,31140,3114051,weekday,557706,443266,18261,96178,경기도,오산시
31,31050,3105085,weekday,22835,19736,125,2973,경기도,부천시
31,31022,3102258,weekday,46614,36384,238,9992,경기도,성남시 중원구
31,31160,3116057,weekday,64017,56575,263,7179,경기도,군포시
31,31021,3102153,weekday,51424,42807,440,8178,경기도,성남시 수정구
31,31104,3110455,weekday,98534,76027,625,21881,경기도,고양시 일산서구
31,31023,3102372,weekday,379263,331111,2850,45302,경기도,성남시 분당구
31,31200,3120035,weekday,773171,618429,4745,149996,경기도,파주시
31,31192,3119257,weekday,324242,275892,3010,45341,경기도,용인시 기흥구
31,31150,3115056,weekday,2490515,1896194,38217,556105,경기도,시흥시
31,31101,3110154,weekday,236379,184511,2369,49499,경기도,고양시 덕양구
31,31230,3123011,weekday,771098,642716,6883,121499,경기도,김포시
31,31220,3122038,weekday,2465546,1803069,97845,564632,경기도,안성시
31,31101,3110158,weekday,387030,322284,1567,63179,경기도,고양시 덕양구
31,31240,3124037,weekday,396681,316305,5429,74948,경기도,화성시
31,31012,3101266,weekday,433634,354149,5557,73928,경기도,수원시 권선구
31,31210,3121037,weekday,162016,116858,3388,41770,경기도,이천시
31,31270,3127032,weekday,586602,441099,7086,138417,경기도,포천시
31,31060,3106055,weekday,6290,3813,15,2463,경기도,광명시
31,31130,3113034,weekday,127653,120407,906,6340,경기도,남양주시
31,31041,3104152,weekday,356787,308301,2974,45512,경기도,안양시 만안구
31,31070,3107064,weekday,411587,319875,5698,86013,경기도,평택시
31,31240,3124066,weekday,2557600,2064022,80735,412843,경기도,화성시
31,31270,3127035,weekday,164919,125895,1238,37786,경기도,포천시
31,31150,3115052,weekday,378146,308946,4087,65113,경기도,시흥시
31,31023,3102363,weekday,198060,170402,1013,26645,경기도,성남시 분당구
31,31220,3122011,weekday,1469200,1084759,52514,331927,경기도,안성시
31,31120,3112056,weekday,198088,154164,3167,40757,경기도,구리시
31,31050,3105057,weekday,67594,55707,376,11511,경기도,부천시
31,31021,3102162,weekday,93821,79182,520,14119,경기도,성남시 수정구
31,31023,3102351,weekday,197140,173025,1591,22524,경기도,성남시 분당구
31,31092,3109278,weekday,168568,141390,1006,26171,경기도,안산시 단원구
31,31260,3126051,weekday,639948,500737,3546,135665,경기도,양주시
31,31042,3104251,weekday,196561,173666,1610,21285,경기도,안양시 동안구
31,31023,3102361,weekday,300648,240450,4338,55859,경기도,성남시 분당구
31,31200,3120053,weekday,237275,189887,1981,45407,경기도,파주시
31,31023,3102358,weekday,486434,427769,3962,54703,경기도,성남시 분당구
31,31042,3104259,weekday,105436,97582,553,7300,경기도,안양시 동안구
31,31120,3112052,weekday,1478102,1090352,30780,356970,경기도,구리시
31,31014,3101460,weekday,394718,341933,3713,49071,경기도,수원시 영통구
31,31091,3109171,weekday,1586305,1231964,25443,328898,경기도,안산시 상록구
31,31101,3110162,weekday,214304,171347,1337,41620,경기도,고양시 덕양구
31,31200,3120056,weekday,374717,300079,2073,72565,경기도,파주시
31,31192,3119252,weekday,192973,152457,1659,38857,경기도,용인시 기흥구
31,31130,3113058,weekday,362920,290872,3803,68245,경기도,남양주시
31,31150,3115068,weekday,856320,652406,15988,187927,경기도,시흥시
31,31050,3105064,weekday,120422,104153,975,15294,경기도,부천시
31,31160,3116051,weekday,326121,290608,1702,33812,경기도,군포시
31,31103,3110353,weekday,242657,185452,1625,55579,경기도,고양시 일산동구
31,31012,3101260,weekday,191861,168166,1588,22107,경기도,수원시 권선구
31,31230,3123034,weekday,857789,706028,6798,144963,경기도,김포시
31,31013,3101368,weekday,100367,88550,656,11161,경기도,수원시 팔달구
31,31070,3107055,weekday,52853,44624,785,7444,경기도,평택시
31,31200,3120058,weekday,403090,315950,2393,84746,경기도,파주시
31,31060,3106060,weekday,248489,179949,1692,66848,경기도,광명시
31,31180,3118061,weekday,169765,141328,1649,26788,경기도,하남시
31,31240,3124039,weekday,1359788,1011538,24037,324213,경기도,화성시
31,31091,3109174,weekday,526662,439046,4834,82782,경기도,안산시 상록구
31,31091,3109173,weekday,997774,755955,20909,220910,경기도,안산시 상록구
31,31091,3109155,weekday,83527,72845,400,10281,경기도,안산시 상록구
31,31130,3113014,weekday,1392454,1058340,17130,316984,경기도,남양주시
31,31230,3123012,weekday,2822469,2234155,37476,550839,경기도,김포시
31,31104,3110454,weekday,130554,91881,692,37982,경기도,고양시 일산서구
31,31220,3122032,weekday,556041,378771,15309,161961,경기도,안성시
31,31130,3113012,weekday,1636639,1239782,16852,380005,경기도,남양주시
31,31050,3105055,weekday,41908,36104,249,5555,경기도,부천시
31,31101,3110153,weekday,562348,464906,3025,94418,경기도,고양시 덕양구
31,31250,3125011,weekday,1175049,909524,10190,255335,경기도,광주시
31,31220,3122036,weekday,499899,348854,4029,147016,경기도,안성시
31,31103,3110357,weekday,44054,32832,202,11020,경기도,고양시 일산동구
31,31014,3101453,weekday,279726,243847,2208,33672,경기도,수원시 영통구
31,31120,3112051,weekday,446023,350762,6108,89154,경기도,구리시
