sido_code,sigungu_code,emd_code,week_type,ALL_AADT,PSCR_AADT,BUS_AADT,FGCR_AADT,시도,시군구
11,11160,1116073,weekday,11528,9083,78,2367,서울특별시,강서구
11,11180,1118054,weekday,9462,7130,50,2282,서울특별시,금천구
11,11120,1112066,weekday,6171,4931,128,1112,서울특별시,은평구
11,11240,1124053,weekday,37346,29416,991,6939,서울특별시,송파구
11,11120,1112051,weekday,9088,7445,38,1605,서울특별시,은평구
11,11010,1101063,weekday,11420,9015,61,2344,서울특별시,종로구
11,11170,1117051,weekday,10956,8417,95,2445,서울특별시,구로구
11,11180,1118053,weekday,14142,10660,74,3408,서울특별시,금천구
11,11210,1121054,weekday,5953,4745,32,1176,서울특별시,관악구
11,11050,1105058,weekday,8213,6641,57,1515,서울특별시,광진구
11,11200,1120052,weekday,17908,14302,137,3469,서울특별시,동작구
11,11130,1113071,weekday,8430,6890,40,1499,서울특별시,서대문구
11,11220,1122064,weekday,21614,17348,172,4094,서울특별시,서초구
11,11180,1118061,weekday,7885,6023,49,1812,서울특별시,금천구
11,11060,1106082,weekday,21158,16823,131,4204,서울특별시,동대문구
11,11180,1118060,weekday,3788,2761,14,1013,서울특별시,금천구
11,11030,1103074,weekday,28404,22466,417,5521,서울특별시,용산구
11,11070,1107068,weekday,9926,8158,61,1708,서울특별시,중랑구
11,11150,1115063,weekday,14286,11376,118,2792,서울특별시,양천구
11,11010,1101058,weekday,10882,8648,60,2174,서울특별시,종로구
11,11250,1125073,weekday,15085,12045,203,2838,서울특별시,강동구
11,11170,1117055,weekday,8894,6693,39,2162,서울특별시,구로구
11,11070,1107064,weekday,13700,10707,178,2815,서울특별시,중랑구
11,11250,1125052,weekday,6834,5867,34,933,서울특별시,강동구
11,11030,1103072,weekday,9659,7497,52,2110,서울특별시,용산구
11,11210,1121062,weekday,5593,4263,36,1294,서울특별시,관악구
11,11220,1122068,weekday,15538,12684,203,2651,서울특별시,서초구
11,11050,1105060,weekday,9314,7381,58,1876,서울특별시,광진구
11,11110,1111053,weekday,19900,16020,146,3734,서울특별시,노원구
11,11120,1112052,weekday,10359,8471,43,1844,서울특별시,은평구
11,11140,1114072,weekday,26214,20924,212,5078,서울특별시,마포구
11,11190,1119063,weekday,18074,14392,132,3550,서울특별시,영등포구
11,11240,1124066,weekday,17528,14644,125,2758,서울특별시,송파구
11,11030,1103057,weekday,16559,12914,255,3391,서울특별시,용산구
11,11210,1121068,weekday,10621,8267,71,2282,서울특별시,관악구
11,11120,1112060,weekday,4651,3903,13,735,서울특별시,은평구
11,11150,1115064,weekday,4615,3555,25,1034,서울특별시,양천구
11,11010,1101057,weekday,19545,15692,104,3749,서울특별시,종로구
11,11230,1123065,weekday,14576,12054,125,2396,서울특별시,강남구
11,11220,1122063,weekday,16358,13252,131,2974,서울특별시,서초구
11,11060,1106083,weekday,8203,6214,42,1947,서울특별시,동대문구
11,11100,1110056,weekday,6742,5837,13,892,서울특별시,도봉구
11,11070,1107059,weekday,4232,3504,23,705,서울특별시,중랑구
11,11160,1116052,weekday,15462,12326,116,3019,서울특별시,강서구
11,11120,1112056,weekday,8309,6926,30,1352,서울특별시,은평구
11,11190,1119071,weekday,11800,9010,62,2727,서울특별시,영등포구
11,11150,1115059,weekday,26602,20853,238,5511,서울특별시,양천구
11,11020,1102057,weekday,11131,8770,73,2288,서울특별시,중구
11,11050,1105053,weekday,18554,14380,144,4030,서울특별시,광진구
11,11160,1116067,weekday,9922,7922,70,1930,서울특별시,강서구
11,11100,1110057,weekday,6157,5354,12,790,서울특별시,도봉구
11,11170,1117065,weekday,4694,3071,21,1602,서울특별시,구로구
11,11070,1107060,weekday,9416,7667,58,1691,서울특별시,중랑구
11,11240,1124069,weekday,20663,16606,343,3714,서울특별시,송파구
11,11210,1121079,weekday,4970,3939,25,1007,서울특별시,관악구
11,11070,1107065,weekday,10937,8586,241,2111,서울특별시,중랑구
11,11040,1104065,weekday,23713,18482,561,4671,서울특별시,성동구
11,11150,1115057,weekday,10294,8110,81,2104,서울특별시,양천구
11,11240,1124082,weekday,16759,13404,277,3079,서울특별시,송파구
11,11080,1108082,weekday,5095,3974,24,1096,서울특별시,성북구
11,11240,1124065,weekday,7519,6484,42,993,서울특별시,송파구
11,11130,1113068,weekday,19669,15475,189,4004,서울특별시,서대문구
11,11210,1121071,weekday,9217,7194,57,1967,서울특별시,관악구
11,11120,1112057,weekday,4565,3819,16,730,서울특별시,은평구
11,11150,1115053,weekday,12797,10010,84,2703,서울특별시,양천구
11,11050,1105066,weekday,9246,7245,66,1934,서울특별시,광진구
11,11020,1102072,weekday,15377,12169,90,3118,서울특별시,중구
11,11250,1125066,weekday,9905,8438,45,1422,서울특별시,강동구
11,11210,1121081,weekday,10593,8185,60,2348,서울특별시,관악구
11,11110,1111061,weekday,5116,4291,21,805,서울특별시,노원구
11,11100,1110062,weekday,9135,7652,42,1441,서울특별시,도봉구
11,11050,1105063,weekday,11418,8956,144,2319,서울특별시,광진구
11,11150,1115071,weekday,18130,14073,161,3896,서울특별시,양천구
11,11240,1124062,weekday,15462,13055,102,2305,서울특별시,송파구
11,11170,1117067,weekday,14933,11791,158,2984,서울특별시,구로구
11,11150,1115066,weekday,9853,7843,91,1919,서울특별시,양천구
11,11190,1119074,weekday,20231,16137,174,3920,서울특별시,영등포구
11,11130,1113069,weekday,10714,8602,84,2028,서울특별시,서대문구
11,11230,1123078,weekday,23666,18765,405,4496,서울특별시,강남구
11,11030,1103051,weekday,9481,7261,47,2173,서울특별시,용산구
11,11220,1122066,weekday,19194,15604,341,3249,서울특별시,서초구
11,11140,1114076,weekday,21500,16779,525,4196,서울특별시,마포구
11,11190,1119055,weekday,7904,6250,49,1604,서울특별시,영등포구
11,11230,1123060,weekday,9488,8013,65,1410,서울특별시,강남구
11,11080,1108059,weekday,2840,2218,11,610,서울특별시,성북구
11,11030,1103058,weekday,7341,5755,41,1545,서울특별시,용산구
11,11100,1110052,weekday,10071,8636,30,1405,서울특별시,도봉구
11,11010,1101070,weekday,11340,8936,59,2345,서울특별시,종로구
11,11200,1120065,weekday,7470,6011,37,1422,서울특별시,동작구
11,11080,1108077,weekday,19326,14671,260,4395,서울특별시,성북구
11,11160,1116057,weekday,21674,17099,183,4393,서울특별시,강서구
11,11190,1119075,weekday,9523,7398,51,2073,서울특별시,영등포구
11,11150,1115058,weekday,13916,11033,99,2784,서울특별시,양천구
11,11140,1114074,weekday,17785,14170,243,3372,서울특별시,마포구
11,11090,1109075,weekday,8490,7237,20,1234,서울특별시,강북구
11,11170,1117071,weekday,12503,9403,90,3010,서울특별시,구로구
11,11090,1109063,weekday,9415,7994,24,1397,서울특별시,강북구
11,11150,1115061,weekday,8188,6554,51,1583,서울특별시,양천구
11,11020,1102069,weekday,9595,7461,50,2084,서울특별시,중구
11,11210,1121072,weekday,12470,9656,79,2736,서울특별시,관악구
11,11230,1123073,weekday,28621,22722,417,5482,서울특별시,강남구
11,11220,1122059,weekday,24617,19293,734,4590,서울특별시,서초구
11,11070,1107054,weekday,16127,12805,172,3150,서울특별시,중랑구
11,11200,1120070,weekday,4909,3811,24,1074,서울특별시,동작구
11,11210,1121061,weekday,20465,16269,133,4063,서울특별시,관악구
11,11100,1110059,weekday,10006,8461,40,1505,서울특별시,도봉구
11,11040,1104071,weekday,7447,5803,38,1606,서울특별시,성동구
11,11080,1108060,weekday,6131,4780,28,1323,서울특별시,성북구
11,11030,1103069,weekday,23893,18797,484,4612,서울특별시,용산구
11,11230,1123063,weekday,6828,5771,53,1004,서울특별시,강남구
11,11180,1118057,weekday,22076,16559,300,5217,서울특별시,금천구
11,11210,1121078,weekday,10959,8657,72,2230,서울특별시,관악구
11,11110,1111073,weekday,8859,7323,46,1491,서울특별시,노원구
11,11140,1114060,weekday,10540,8513,61,1967,서울특별시,마포구
11,11150,1115072,weekday,17694,13962,129,3603,서울특별시,양천구
11,11100,1110053,weekday,8872,7610,22,1239,서울특별시,도봉구
11,11190,1119056,weekday,21397,17185,229,3982,서울특별시,영등포구
11,11190,1119054,weekday,19959,15533,171,4255,서울특별시,영등포구
11,11030,1103070,weekday,19934,15779,433,3721,서울특별시,용산구
11,11250,1125056,weekday,26075,19974,582,5519,서울특별시,강동구
11,11040,1104072,weekday,9491,7427,63,2001,서울특별시,성동구
11,11030,1103073,weekday,11806,9420,64,2322,서울특별시,용산구
11,11090,1109060,weekday,15276,12870,58,2348,서울특별시,강북구
11,11110,1111051,weekday,4677,3969,14,694,서울특별시,노원구
11,11140,1114073,weekday,16707,13625,110,2972,서울특별시,마포구
11,11080,1108066,weekday,3675,3054,13,608,서울특별시,성북구
11,11140,1114071,weekday,7115,5944,30,1141,서울특별시,마포구
11,11010,1101055,weekday,19050,15110,103,3837,서울특별시,종로구
11,11160,1116074,weekday,6724,5329,40,1356,서울특별시,강서구
11,11240,1124055,weekday,3017,2757,8,252,서울특별시,송파구
11,11010,1101073,weekday,6793,5427,35,1331,서울특별시,종로구
11,11070,1107073,weekday,5477,4463,50,964,서울특별시,중랑구
11,11240,1124052,weekday,18421,14654,250,3516,서울특별시,송파구
11,11140,1114061,weekday,7762,6262,45,1455,서울특별시,마포구
11,11240,1124067,weekday,6463,5652,25,786,서울특별시,송파구
11,11250,1125067,weekday,15345,13013,93,2239,서울특별시,강동구
11,11040,1104056,weekday,11135,8697,68,2371,서울특별시,성동구
11,11220,1122060,weekday,18768,15306,161,3301,서울특별시,서초구
11,11230,1123053,weekday,12846,10547,105,2194,서울특별시,강남구
11,11050,1105062,weekday,16164,12684,191,3289,서울특별시,광진구
11,11100,1110061,weekday,8531,7317,25,1188,서울특별시,도봉구
11,11190,1119067,weekday,8272,6494,42,1736,서울특별시,영등포구
11,11150,1115070,weekday,9425,7100,112,2213,서울특별시,양천구
11,11050,1105059,weekday,15242,11640,101,3501,서울특별시,광진구
11,11040,1104068,weekday,5649,4358,29,1262,서울특별시,성동구
11,11110,1111060,weekday,5609,4683,25,901,서울특별시,노원구
11,11010,1101060,weekday,3828,2950,16,862,서울특별시,종로구
11,11210,1121065,weekday,6665,5016,36,1613,서울특별시,관악구
11,11010,1101067,weekday,18517,14601,112,3803,서울특별시,종로구
11,11230,1123074,weekday,21094,16722,256,4117,서울특별시,강남구
11,11250,1125071,weekday,9451,8107,43,1300,서울특별시,강동구
11,11080,1108068,weekday,19455,15358,127,3970,서울특별시,성북구
11,11250,1125072,weekday,6874,5938,20,915,서울특별시,강동구
11,11100,1110054,weekday,6070,5247,13,809,서울특별시,도봉구
11,11240,1124057,weekday,11669,9982,68,1619,서울특별시,송파구
11,11090,1109070,weekday,9347,7939,32,1375,서울특별시,강북구
11,11150,1115054,weekday,11476,8881,71,2525,서울특별시,양천구
11,11130,1113072,weekday,6331,5223,21,1087,서울특별시,서대문구
11,11140,1114070,weekday,24539,19446,360,4733,서울특별시,마포구
11,11080,1108078,weekday,12736,10443,62,2231,서울특별시,성북구
11,11020,1102071,weekday,7864,6136,50,1678,서울특별시,중구
11,11160,1116054,weekday,7058,5636,39,1382,서울특별시,강서구
11,11180,1118051,weekday,12106,8955,114,3037,서울특별시,금천구
11,11060,1106073,weekday,16626,12896,182,3547,서울특별시,동대문구
11,11130,1113073,weekday,8423,6584,51,1787,서울특별시,서대문구
11,11080,1108065,weekday,7661,6383,25,1254,서울특별시,성북구
11,11160,1116055,weekday,12428,9795,81,2552,서울특별시,강서구
11,11160,1116058,weekday,9093,7113,53,1927,서울특별시,강서구
11,11070,1107057,weekday,8696,6964,82,1651,서울특별시,중랑구
11,11200,1120068,weekday,8377,6621,51,1706,서울특별시,동작구
11,11240,1124078,weekday,10167,8618,81,1467,서울특별시,송파구
11,11230,1123075,weekday,17169,14058,192,2920,서울특별시,강남구
11,11080,1108085,weekday,14045,10794,95,3156,서울특별시,성북구
11,11190,1119072,weekday,10611,8143,58,2409,서울특별시,영등포구
11,11250,1125054,weekday,5516,4811,12,693,서울특별시,강동구
11,11210,1121080,weekday,12030,9489,82,2460,서울특별시,관악구
11,11020,1102054,weekday,11947,9334,65,2547,서울특별시,중구
11,11190,1119073,weekday,7748,6002,39,1706,서울특별시,영등포구
11,11240,1124061,weekday,13394,11378,94,1923,서울특별시,송파구
11,11080,1108076,weekday,6632,5488,22,1122,서울특별시,성북구
11,11120,1112058,weekday,9486,7802,36,1648,서울특별시,은평구
11,11100,1110063,weekday,10144,8556,41,1547,서울특별시,도봉구
11,11090,1109071,weekday,12647,10633,50,1964,서울특별시,강북구
11,11020,1102065,weekday,12493,9774,69,2650,서울특별시,중구
11,11030,1103059,weekday,4686,3631,22,1033,서울특별시,용산구
11,11140,1114075,weekday,7958,6260,98,1600,서울특별시,마포구
11,11110,1111065,weekday,21238,16074,361,4803,서울특별시,노원구
11,11170,1117056,weekday,6518,4949,24,1545,서울특별시,구로구
11,11150,1115062,weekday,12937,10278,88,2570,서울특별시,양천구
11,11120,1112074,weekday,8566,7086,30,1449,서울특별시,은평구
11,11090,1109074,weekday,6170,5383,10,777,서울특별시,강북구
11,11150,1115065,weekday,11659,8859,96,2705,서울특별시,양천구
11,11200,1120055,weekday,6102,4854,29,1219,서울특별시,동작구
11,11220,1122065,weekday,10241,8213,66,1961,서울특별시,서초구
11,11070,1107052,weekday,15094,12053,123,2919,서울특별시,중랑구
11,11060,1106084,weekday,9369,7208,56,2105,서울특별시,동대문구
11,11100,1110064,weekday,10803,9090,41,1672,서울특별시,도봉구
11,11130,1113075,weekday,15560,12563,115,2882,서울특별시,서대문구
11,11110,1111072,weekday,16340,12648,196,3496,서울특별시,노원구
11,11240,1124064,weekday,10397,8862,68,1467,서울특별시,송파구
11,11030,1103063,weekday,21011,16658,474,3880,서울특별시,용산구
11,11060,1106087,weekday,16358,12681,145,3532,서울특별시,동대문구
11,11240,1124079,weekday,22718,18358,298,4062,서울특별시,송파구
11,11160,1116066,weekday,7241,5859,40,1342,서울특별시,강서구
11,11210,1121064,weekday,9959,7714,58,2187,서울특별시,관악구
11,11180,1118058,weekday,8254,6343,50,1861,서울특별시,금천구
11,11220,1122056,weekday,33547,26867,484,6196,서울특별시,서초구
11,11170,1117070,weekday,20701,16121,146,4434,서울특별시,구로구
11,11160,1116070,weekday,5702,4589,33,1080,서울특별시,강서구
11,11020,1102059,weekday,12667,9926,74,2667,서울특별시,중구
11,11210,1121063,weekday,23033,18783,178,4072,서울특별시,관악구
11,11250,1125051,weekday,21972,17030,601,4341,서울특별시,강동구
11,11230,1123076,weekday,12135,10132,114,1889,서울특별시,강남구
11,11130,1113070,weekday,5984,4867,22,1094,서울특별시,서대문구
11,11110,1111058,weekday,7842,6390,55,1397,서울특별시,노원구
11,11150,1115052,weekday,11729,8980,90,2660,서울특별시,양천구
11,11110,1111069,weekday,5513,4625,21,867,서울특별시,노원구
11,11050,1105057,weekday,25976,20501,699,4777,서울특별시,광진구
11,11230,1123051,weekday,24855,19718,383,4755,서울특별시,강남구
11,11060,1106090,weekday,11308,8678,105,2525,서울특별시,동대문구
11,11140,1114069,weekday,28325,22388,435,5501,서울특별시,마포구
11,11060,1106086,weekday,7394,5664,52,1678,서울특별시,동대문구
11,11120,1112059,weekday,9521,7797,38,1686,서울특별시,은평구
11,11150,1115051,weekday,21166,16521,188,4458,서울특별시,양천구
11,11040,1104070,weekday,18744,14530,279,3935,서울특별시,성동구
11,11060,1106080,weekday,11718,9051,63,2604,서울특별시,동대문구
11,11210,1121083,weekday,8055,6172,49,1834,서울특별시,관악구
11,11230,1123052,weekday,16760,13651,127,2983,서울특별시,강남구
11,11140,1114068,weekday,24453,19319,408,4725,서울특별시,마포구
11,11020,1102073,weekday,6961,5412,35,1514,서울특별시,중구
11,11220,1122067,weekday,32118,24442,1196,6480,서울특별시,서초구
11,11020,1102067,weekday,9415,7404,47,1963,서울특별시,중구
11,11250,1125065,weekday,8578,7330,54,1194,서울특별시,강동구
11,11220,1122061,weekday,10099,8093,77,1929,서울특별시,서초구
11,11240,1124054,weekday,3202,2856,10,336,서울특별시,송파구
11,11180,1118055,weekday,8797,6573,45,2178,서울특별시,금천구
11,11170,1117054,weekday,8859,6715,47,2098,서울특별시,구로구
11,11200,1120056,weekday,8022,6442,42,1539,서울특별시,동작구
11,11050,1105064,weekday,7807,6150,45,1612,서울특별시,광진구
11,11150,1115060,weekday,23986,19129,212,4645,서울특별시,양천구
11,11050,1105067,weekday,26035,20603,262,5170,서울특별시,광진구
11,11110,1111078,weekday,8467,6989,44,1434,서울특별시,노원구
11,11240,1124051,weekday,21864,16997,306,4561,서울특별시,송파구
11,11160,1116061,weekday,8983,7136,58,1788,서울특별시,강서구
11,11040,1104052,weekday,4860,3765,25,1070,서울특별시,성동구
11,11160,1116051,weekday,19468,15057,381,4030,서울특별시,강서구
11,11120,1112065,weekday,6493,5252,26,1214,서울특별시,은평구
11,11250,1125063,weekday,11918,9987,57,1874,서울특별시,강동구
11,11230,1123072,weekday,2873,2448,15,410,서울특별시,강남구
11,11130,1113076,weekday,19837,15681,194,3961,서울특별시,서대문구
11,11030,1103052,weekday,18386,14671,147,3568,서울특별시,용산구
11,11110,1111066,weekday,8903,7348,46,1509,서울특별시,노원구
11,11120,1112067,weekday,12594,10143,81,2369,서울특별시,은평구
11,11060,1106089,weekday,8126,6111,39,1975,서울특별시,동대문구
11,11060,1106091,weekday,10063,7716,68,2278,서울특별시,동대문구
11,11230,1123079,weekday,21209,17172,295,3742,서울특별시,강남구
11,11060,1106072,weekday,14061,10821,87,3153,서울특별시,동대문구
11,11240,1124056,weekday,6065,5402,23,640,서울특별시,송파구
11,11240,1124077,weekday,21165,16671,271,4222,서울특별시,송파구
11,11040,1104062,weekday,27151,21486,274,5391,서울특별시,성동구
11,11160,1116063,weekday,14379,11253,104,3021,서울특별시,강서구
11,11030,1103053,weekday,15310,12105,87,3118,서울특별시,용산구
11,11010,1101072,weekday,5879,4643,26,1210,서울특별시,종로구
11,11060,1106088,weekday,10242,7910,70,2262,서울특별시,동대문구
11,11200,1120069,weekday,13619,10545,75,3000,서울특별시,동작구
11,11110,1111059,weekday,18104,14595,132,3377,서울특별시,노원구
11,11230,1123067,weekday,10862,9075,82,1705,서울특별시,강남구
11,11170,1117069,weekday,7396,5916,42,1438,서울특별시,구로구
11,11090,1109062,weekday,11047,9312,44,1691,서울특별시,강북구
11,11070,1107069,weekday,12868,9955,193,2721,서울특별시,중랑구
11,11090,1109064,weekday,9128,7780,22,1326,서울특별시,강북구
11,11090,1109072,weekday,7708,6600,20,1087,서울특별시,강북구
11,11080,1108081,weekday,5002,3937,21,1044,서울특별시,성북구
11,11200,1120066,weekday,3888,3130,18,740,서울특별시,동작구
11,11020,1102060,weekday,12447,9580,72,2795,서울특별시,중구
11,11130,1113064,weekday,18903,14862,130,3911,서울특별시,서대문구
11,11190,1119065,weekday,8055,6230,40,1785,서울특별시,영등포구
11,11180,1118059,weekday,23383,18082,187,5114,서울특별시,금천구
11,11080,1108084,weekday,12178,9725,65,2388,서울특별시,성북구
11,11040,1104066,weekday,25463,20083,391,4988,서울특별시,성동구
11,11250,1125074,weekday,12665,10701,69,1895,서울특별시,강동구
11,11170,1117064,weekday,14777,11291,108,3378,서울특별시,구로구
11,11240,1124058,weekday,11316,9769,60,1487,서울특별시,송파구
11,11200,1120054,weekday,5640,4515,27,1098,서울특별시,동작구
11,11240,1124081,weekday,19051,15493,447,3111,서울특별시,송파구
11,11220,1122051,weekday,22433,17635,531,4267,서울특별시,서초구
11,11030,1103071,weekday,8650,6529,48,2073,서울특별시,용산구
11,11190,1119076,weekday,10490,8224,77,2189,서울특별시,영등포구
11,11110,1111077,weekday,15047,12098,124,2824,서울특별시,노원구
11,11240,1124063,weekday,6395,5610,34,752,서울특별시,송파구
11,11250,1125058,weekday,26225,19700,536,5989,서울특별시,강동구
11,11210,1121069,weekday,20057,15749,124,4184,서울특별시,관악구
11,11140,1114078,weekday,8175,6413,52,1710,서울특별시,마포구
11,11050,1105054,weekday,14828,11533,127,3168,서울특별시,광진구
11,11010,1101053,weekday,10560,8338,61,2162,서울특별시,종로구
11,11150,1115069,weekday,11475,8696,88,2692,서울특별시,양천구
11,11040,1104055,weekday,12860,10050,101,2709,서울특별시,성동구
11,11200,1120053,weekday,12363,9964,67,2331,서울특별시,동작구
11,11190,1119069,weekday,13322,10448,79,2794,서울특별시,영등포구
11,11210,1121082,weekday,8639,6912,49,1678,서울특별시,관악구
11,11210,1121073,weekday,10491,8319,57,2115,서울특별시,관악구
11,11200,1120072,weekday,21495,17199,225,4070,서울특별시,동작구
11,11050,1105065,weekday,25040,19189,421,5430,서울특별시,광진구
11,11130,1113074,weekday,7432,5725,46,1661,서울특별시,서대문구
11,11020,1102058,weekday,16813,13429,102,3283,서울특별시,중구
11,11200,1120071,weekday,34265,26850,727,6688,서울특별시,동작구
11,11200,1120067,weekday,3902,3133,16,752,서울특별시,동작구
11,11080,1108061,weekday,6730,5299,31,1400,서울특별시,성북구
11,11020,1102068,weekday,10045,7705,60,2280,서울특별시,중구
11,11250,1125053,weekday,9282,7977,28,1277,서울특별시,강동구
11,11210,1121066,weekday,15175,11874,89,3212,서울특별시,관악구
11,11220,1122053,weekday,18200,14784,134,3283,서울특별시,서초구
11,11040,1104054,weekday,16851,13295,96,3460,서울특별시,성동구
11,11100,1110051,weekday,6399,5542,12,845,서울특별시,도봉구
11,11220,1122052,weekday,22117,17272,603,4243,서울특별시,서초구
11,11070,1107072,weekday,7264,5954,46,1264,서울특별시,중랑구
11,11240,1124080,weekday,14518,12021,150,2347,서울특별시,송파구
11,11080,1108071,weekday,12406,10114,76,2215,서울특별시,성북구
11,11170,1117052,weekday,14872,11376,144,3351,서울특별시,구로구
11,11160,1116072,weekday,9731,7706,271,1754,서울특별시,강서구
11,11170,1117061,weekday,9765,7276,183,2305,서울특별시,구로구
11,11110,1111079,weekday,14427,11435,155,2836,서울특별시,노원구
11,11120,1112068,weekday,13335,10792,60,2483,서울특별시,은평구
11,11010,1101071,weekday,15188,11978,96,3114,서울특별시,종로구
11,11220,1122062,weekday,12760,10299,69,2392,서울특별시,서초구
11,11230,1123071,weekday,18695,15224,163,3308,서울특별시,강남구
11,11050,1105056,weekday,16649,12845,159,3645,서울특별시,광진구
11,11200,1120073,weekday,27899,22582,284,5033,서울특별시,동작구
11,11130,1113062,weekday,9357,7386,45,1926,서울특별시,서대문구
11,11250,1125070,weekday,16830,14036,131,2663,서울특별시,강동구
11,11060,1106081,weekday,12026,9468,73,2485,서울특별시,동대문구
11,11140,1114066,weekday,10774,8816,71,1887,서울특별시,마포구
11,11140,1114063,weekday,15301,12196,231,2875,서울특별시,마포구
11,11160,1116069,weekday,10189,8193,79,1917,서울특별시,강서구
11,11230,1123077,weekday,14963,11835,225,2903,서울특별시,강남구
11,11080,1108058,weekday,8280,6725,40,1515,서울특별시,성북구
11,11230,1123068,weekday,22169,17925,278,3965,서울특별시,강남구
11,11220,1122055,weekday,22422,17735,415,4271,서울특별시,서초구
11,11160,1116071,weekday,18710,14607,296,3807,서울특별시,강서구
11,11110,1111064,weekday,5707,4746,26,935,서울특별시,노원구
11,11140,1114077,weekday,8449,6574,53,1822,서울특별시,마포구
11,11080,1108083,weekday,8478,6750,43,1686,서울특별시,성북구
11,11070,1107062,weekday,18384,14549,330,3504,서울특별시,중랑구
11,11020,1102070,weekday,28851,22786,210,5855,서울특별시,중구
11,11050,1105061,weekday,14025,11025,129,2871,서울특별시,광진구
11,11010,1101061,weekday,13862,10939,83,2841,서울특별시,종로구
11,11030,1103065,weekday,8760,7000,91,1669,서울특별시,용산구
11,11190,1119068,weekday,12288,9618,64,2606,서울특별시,영등포구
11,11120,1112072,weekday,7999,6580,31,1389,서울특별시,은평구
11,11040,1104059,weekday,6734,5238,33,1463,서울특별시,성동구
11,11220,1122058,weekday,20257,16156,346,3755,서울특별시,서초구
11,11070,1107071,weekday,8522,7031,48,1443,서울특별시,중랑구
11,11250,1125059,weekday,17973,14191,252,3530,서울특별시,강동구
11,11140,1114059,weekday,16040,12661,204,3175,서울특별시,마포구
11,11130,1113066,weekday,7673,6180,40,1453,서울특별시,서대문구
11,11230,1123058,weekday,23887,19257,271,4359,서울특별시,강남구
11,11080,1108063,weekday,28481,21848,229,6404,서울특별시,성북구
11,11180,1118052,weekday,13074,9770,130,3174,서울특별시,금천구
11,11190,1119066,weekday,7453,5779,40,1634,서울특별시,영등포구
11,11230,1123066,weekday,15415,12613,122,2680,서울특별시,강남구
11,11220,1122054,weekday,14864,11686,402,2777,서울특별시,서초구
11,11040,1104069,weekday,33745,26665,405,6675,서울특별시,성동구
11,11100,1110060,weekday,9729,8287,33,1409,서울특별시,도봉구
11,11190,1119062,weekday,27119,21339,307,5472,서울특별시,영등포구
11,11250,1125055,weekday,4754,4115,14,625,서울특별시,강동구
11,11190,1119070,weekday,9266,7093,48,2125,서울특별시,영등포구
11,11010,1101054,weekday,7983,6281,38,1664,서울특별시,종로구
11,11080,1108064,weekday,16313,12816,105,3391,서울특별시,성북구
11,11020,1102052,weekday,11629,9073,67,2488,서울특별시,중구
11,11210,1121052,weekday,9210,7253,49,1908,서울특별시,관악구
11,11160,1116064,weekday,10769,8510,246,2013,서울특별시,강서구
11,11250,1125061,weekday,6272,5464,18,790,서울특별시,강동구
11,11170,1117062,weekday,4767,3385,313,1069,서울특별시,구로구
11,11240,1124060,weekday,6676,5849,29,798,서울특별시,송파구
11,11160,1116059,weekday,21090,16533,171,4386,서울특별시,강서구
11,11040,1104057,weekday,3092,2355,14,722,서울특별시,성동구
11,11030,1103064,weekday,44289,34735,978,8576,서울특별시,용산구
11,11240,1124059,weekday,14331,12154,91,2086,서울특별시,송파구
11,11040,1104073,weekday,19107,15100,330,3678,서울특별시,성동구
11,11210,1121057,weekday,22046,17663,182,4201,서울특별시,관악구
11,11120,1112073,weekday,5711,4726,18,966,서울특별시,은평구
11,11130,1113065,weekday,14076,11304,71,2701,서울특별시,서대문구
11,11020,1102055,weekday,12635,9897,81,2658,서울특별시,중구
11,11200,1120063,weekday,22933,18584,234,4116,서울특별시,동작구
11,11110,1111074,weekday,16323,12882,146,3295,서울특별시,노원구
11,11120,1112055,weekday,8209,6848,30,1330,서울특별시,은평구
11,11230,1123064,weekday,15440,12786,134,2520,서울특별시,강남구
11,11080,1108062,weekday,6611,5351,28,1232,서울특별시,성북구
11,11090,1109073,weekday,5671,4886,14,772,서울특별시,강북구
11,11240,1124075,weekday,9437,8198,44,1194,서울특별시,송파구
11,11160,1116053,weekday,8621,6843,56,1722,서울특별시,강서구
11,11110,1111056,weekday,11487,9012,119,2356,서울특별시,노원구
11,11130,1113052,weekday,7546,5995,50,1501,서울특별시,서대문구
11,11080,1108072,weekday,14869,11784,108,2976,서울특별시,성북구
11,11160,1116065,weekday,25031,19202,788,5040,서울특별시,강서구
11,11240,1124071,weekday,9274,7949,62,1263,서울특별시,송파구
11,11060,1106071,weekday,9595,7200,48,2347,서울특별시,동대문구
11,11010,1101064,weekday,15674,12623,85,2966,서울특별시,종로구
11,11240,1124068,weekday,9966,8546,69,1352,서울특별시,송파구
11,11110,1111076,weekday,10912,8633,128,2151,서울특별시,노원구
11,11190,1119061,weekday,16464,12920,165,3378,서울특별시,영등포구
11,11120,1112071,weekday,6427,5333,24,1070,서울특별시,은평구
11,11230,1123059,weekday,8477,7030,70,1377,서울특별시,강남구
11,11230,1123080,weekday,14381,11819,114,2448,서울특별시,강남구
11,11010,1101056,weekday,12002,9434,74,2494,서울특별시,종로구
11,11090,1109069,weekday,11158,9395,32,1732,서울특별시,강북구
11,11010,1101069,weekday,2472,1869,10,593,서울특별시,종로구
11,11070,1107070,weekday,3664,3075,19,569,서울특별시,중랑구
11,11170,1117072,weekday,12232,9508,166,2559,서울특별시,구로구
11,11100,1110055,weekday,8822,7443,36,1343,서울특별시,도봉구
11,11050,1105055,weekday,20071,15874,181,4016,서울특별시,광진구
11,11090,1109061,weekday,6533,5584,20,928,서울특별시,강북구
11,11040,1104067,weekday,21750,16836,338,4576,서울특별시,성동구
11,11070,1107061,weekday,10090,8177,63,1850,서울특별시,중랑구
11,11040,1104058,weekday,9505,7392,59,2055,서울특별시,성동구
11,11220,1122057,weekday,21442,16850,506,4087,서울특별시,서초구
11,11070,1107055,weekday,22049,17592,310,4147,서울특별시,중랑구
11,11030,1103066,weekday,12874,10220,77,2577,서울특별시,용산구
11,11170,1117068,weekday,10570,8134,68,2368,서울특별시,구로구
11,11100,1110065,weekday,7213,6180,26,1008,서울특별시,도봉구
11,11110,1111052,weekday,6570,5561,23,985,서울특별시,노원구
11,11210,1121058,weekday,15155,12016,104,3035,서울특별시,관악구
11,11090,1109065,weekday,11414,9670,33,1711,서울특별시,강북구
23,23060,2306067,weekday,6415,5913,30,471,인천광역시,부평구
23,23080,2308059,weekday,9061,7513,93,1455,인천광역시,서구
23,23060,2306053,weekday,11626,10193,92,1341,인천광역시,부평구
23,23310,2331037,weekday,1955,1679,9,267,인천광역시,강화군
23,23070,2307054,weekday,8544,7299,157,1088,인천광역시,계양구
23,23030,2303057,weekday,6232,5498,32,703,인천광역시,남구
23,23020,2302063,weekday,5835,5085,32,718,인천광역시,동구
23,23080,2308077,weekday,5864,4637,58,1169,인천광역시,서구
23,23030,2303070,weekday,11653,10284,71,1298,인천광역시,남구
23,23020,2302052,weekday,3552,3045,18,489,인천광역시,동구
23,23030,2303077,weekday,9231,7884,80,1266,인천광역시,남구
23,23310,2331035,weekday,4518,3784,22,712,인천광역시,강화군
23,23080,2308055,weekday,27627,22732,279,4616,인천광역시,서구
23,23050,2305065,weekday,17883,14359,286,3239,인천광역시,남동구
23,23070,2307063,weekday,15716,12656,359,2700,인천광역시,계양구
23,23020,2302064,weekday,3615,3172,27,416,인천광역시,동구
23,23020,2302053,weekday,5072,3944,60,1069,인천광역시,동구
23,23010,2301060,weekday,2980,2336,18,626,인천광역시,인천_중구
23,23080,2308054,weekday,12242,10253,108,1881,인천광역시,서구
23,23030,2303066,weekday,12654,11068,92,1494,인천광역시,남구
23,23060,2306057,weekday,8024,6891,71,1062,인천광역시,부평구
23,23060,2306061,weekday,6839,5905,44,890,인천광역시,부평구
23,23070,2307055,weekday,11024,9614,104,1306,인천광역시,계양구
23,23060,2306065,weekday,23593,19177,361,4055,인천광역시,부평구
23,23050,2305063,weekday,7677,6660,98,919,인천광역시,남동구
23,23070,2307061,weekday,16014,13166,223,2625,인천광역시,계양구
23,23040,2304051,weekday,7723,6570,51,1102,인천광역시,연수구
23,23030,2303054,weekday,4538,4068,20,451,인천광역시,남구
23,23060,2306066,weekday,8431,7420,104,906,인천광역시,부평구
23,23010,2301052,weekday,5744,4556,43,1144,인천광역시,인천_중구
23,23020,2302055,weekday,5799,4919,36,844,인천광역시,동구
23,23310,2331041,weekday,2931,2444,12,475,인천광역시,강화군
23,23030,2303074,weekday,12682,10817,112,1754,인천광역시,남구
23,23060,2306058,weekday,7778,6794,46,937,인천광역시,부평구
23,23050,2305064,weekday,15309,12339,225,2744,인천광역시,남동구
23,23030,2303059,weekday,10555,8729,93,1733,인천광역시,남구
23,23050,2305061,weekday,8423,7390,82,951,인천광역시,남동구
23,23030,2303062,weekday,9583,8342,67,1175,인천광역시,남구
23,23320,2332037,weekday,2397,2123,11,262,인천광역시,옹진군
23,23060,2306055,weekday,12042,10779,66,1197,인천광역시,부평구
23,23040,2304053,weekday,6452,5829,30,593,인천광역시,연수구
23,23080,2308079,weekday,5512,4468,65,979,인천광역시,서구
23,23050,2305060,weekday,4667,4167,42,458,인천광역시,남동구
23,23080,2308053,weekday,11313,9471,140,1702,인천광역시,서구
23,23060,2306072,weekday,8373,7414,45,913,인천광역시,부평구
23,23020,2302060,weekday,5477,4734,30,713,인천광역시,동구
23,23050,2305067,weekday,17951,14849,175,2927,인천광역시,남동구
23,23040,2304063,weekday,7540,5709,118,1713,인천광역시,연수구
23,23080,2308074,weekday,10302,8542,81,1679,인천광역시,서구
23,23020,2302051,weekday,2407,2024,12,371,인천광역시,동구
23,23040,2304056,weekday,6594,5873,38,683,인천광역시,연수구
23,23040,2304059,weekday,11342,9974,82,1286,인천광역시,연수구
23,23080,2308069,weekday,3963,3426,24,513,인천광역시,서구
23,23080,2308064,weekday,7428,6383,65,979,인천광역시,서구
23,23020,2302057,weekday,7038,5830,55,1152,인천광역시,동구
23,23310,2331031,weekday,3320,2876,17,427,인천광역시,강화군
23,23080,2308071,weekday,5868,4969,43,857,인천광역시,서구
23,23040,2304052,weekday,26534,20913,364,5258,인천광역시,연수구
23,23020,2302061,weekday,9171,7853,69,1250,인천광역시,동구
23,23050,2305052,weekday,11787,10391,77,1319,인천광역시,남동구
23,23050,2305062,weekday,7281,6220,120,941,인천광역시,남동구
23,23040,2304055,weekday,4926,4574,14,339,인천광역시,연수구
23,23080,2308076,weekday,4673,3746,159,768,인천광역시,서구
23,23310,2331040,weekday,1350,1181,4,165,인천광역시,강화군
23,23060,2306056,weekday,10114,8888,126,1100,인천광역시,부평구
23,23040,2304060,weekday,9029,7637,59,1332,인천광역시,연수구
23,23040,2304054,weekday,9952,8815,61,1077,인천광역시,연수구
23,23080,2308073,weekday,3652,2949,29,674,인천광역시,서구
23,23020,2302058,weekday,6553,5638,59,856,인천광역시,동구
23,23050,2305056,weekday,6925,6258,40,627,인천광역시,남동구
23,23070,2307051,weekday,5611,4951,18,642,인천광역시,계양구
23,23060,2306068,weekday,7833,7164,37,633,인천광역시,부평구
23,23080,2308056,weekday,21030,17220,190,3620,인천광역시,서구
23,23020,2302059,weekday,7183,6139,43,1001,인천광역시,동구
23,23010,2301054,weekday,7671,5854,57,1760,인천광역시,인천_중구
23,23080,2308062,weekday,12451,10147,139,2165,인천광역시,서구
23,23030,2303052,weekday,6863,6035,34,794,인천광역시,남구
23,23070,2307056,weekday,7157,6327,35,795,인천광역시,계양구
23,23030,2303075,weekday,9352,7985,62,1305,인천광역시,남구
23,23010,2301056,weekday,4540,4038,22,481,인천광역시,인천_중구
23,23080,2308065,weekday,11882,9973,143,1766,인천광역시,서구
23,23310,2331038,weekday,1445,1268,5,172,인천광역시,강화군
23,23050,2305054,weekday,15799,13834,127,1838,인천광역시,남동구
23,23040,2304065,weekday,2313,2109,13,191,인천광역시,연수구
23,23080,2308070,weekday,6136,5148,50,938,인천광역시,서구
23,23060,2306071,weekday,12362,10523,167,1672,인천광역시,부평구
23,23030,2303068,weekday,14429,12511,127,1791,인천광역시,남구
23,23080,2308063,weekday,5679,4963,45,671,인천광역시,서구
23,23010,2301053,weekday,7058,5724,57,1277,인천광역시,인천_중구
23,23060,2306060,weekday,7009,6207,34,769,인천광역시,부평구
23,23030,2303072,weekday,5976,5348,34,594,인천광역시,남구
23,23050,2305072,weekday,19848,15262,279,4307,인천광역시,남동구
23,23050,2305058,weekday,11357,9930,111,1316,인천광역시,남동구
23,23060,2306069,weekday,30369,24552,558,5260,인천광역시,부평구
23,23080,2308058,weekday,9540,7962,84,1494,인천광역시,서구
23,23040,2304064,weekday,4393,3771,35,587,인천광역시,연수구
23,23080,2308078,weekday,3544,3159,16,369,인천광역시,서구
23,23080,2308060,weekday,20509,16786,191,3532,인천광역시,서구
23,23080,2308051,weekday,8102,6656,182,1264,인천광역시,서구
23,23030,2303056,weekday,17789,14747,165,2877,인천광역시,남구
23,23060,2306070,weekday,11047,9518,105,1425,인천광역시,부평구
23,23050,2305059,weekday,17011,14718,176,2117,인천광역시,남동구
23,23010,2301063,weekday,2489,2226,17,246,인천광역시,인천_중구
23,23070,2307052,weekday,12500,10371,101,2028,인천광역시,계양구
23,23030,2303067,weekday,9702,8620,46,1036,인천광역시,남구
23,23030,2303076,weekday,10099,8714,73,1313,인천광역시,남구
23,23010,2301057,weekday,8792,7467,59,1267,인천광역시,인천_중구
23,23010,2301065,weekday,6459,5330,255,874,인천광역시,인천_중구
23,23030,2303060,weekday,14862,11857,189,2817,인천광역시,남구
23,23310,2331036,weekday,3073,2633,14,426,인천광역시,강화군
23,23030,2303069,weekday,9830,8406,80,1343,인천광역시,남구
23,23310,2331033,weekday,4707,3973,26,708,인천광역시,강화군
23,23050,2305074,weekday,7033,5969,69,995,인천광역시,남동구
23,23060,2306052,weekday,13799,12223,92,1484,인천광역시,부평구
23,23040,2304057,weekday,11301,9410,105,1787,인천광역시,연수구
23,23030,2303065,weekday,12493,11001,82,1409,인천광역시,남구
23,23040,2304058,weekday,10010,8634,73,1303,인천광역시,연수구
23,23030,2303071,weekday,11138,9827,83,1227,인천광역시,남구
23,23010,2301066,weekday,1473,1373,6,94,인천광역시,인천_중구
23,23070,2307053,weekday,11419,9674,180,1566,인천광역시,계양구
23,23060,2306064,weekday,12705,11149,77,1479,인천광역시,부평구
23,23050,2305057,weekday,13809,11901,145,1763,인천광역시,남동구
23,23060,2306059,weekday,8305,7322,51,931,인천광역시,부평구
23,23060,2306062,weekday,12966,10936,95,1936,인천광역시,부평구
23,23310,2331039,weekday,2557,2191,12,353,인천광역시,강화군
23,23060,2306054,weekday,9143,8236,42,865,인천광역시,부평구
23,23070,2307058,weekday,23643,19211,282,4150,인천광역시,계양구
23,23070,2307062,weekday,6864,6175,29,660,인천광역시,계양구
23,23060,2306051,weekday,7806,6976,41,789,인천광역시,부평구
23,23310,2331011,weekday,2844,2429,18,398,인천광역시,강화군
23,23050,2305053,weekday,11644,10379,77,1188,인천광역시,남동구
23,23010,2301061,weekday,2043,1776,8,259,인천광역시,인천_중구
23,23010,2301058,weekday,5722,4942,30,750,인천광역시,인천_중구
23,23070,2307057,weekday,12997,11063,107,1828,인천광역시,계양구
23,23050,2305051,weekday,8468,7547,53,867,인천광역시,남동구
23,23050,2305073,weekday,6999,6234,31,734,인천광역시,남동구
23,23030,2303061,weekday,8275,7374,46,855,인천광역시,남구
23,23010,2301064,weekday,4375,3635,105,635,인천광역시,인천_중구
23,23310,2331034,weekday,4183,3556,19,608,인천광역시,강화군
23,23050,2305055,weekday,9906,8864,58,984,인천광역시,남동구
23,23030,2303073,weekday,12256,10816,77,1363,인천광역시,남구
23,23310,2331032,weekday,3590,3077,17,497,인천광역시,강화군
23,23070,2307064,weekday,17170,13680,396,3094,인천광역시,계양구
23,23060,2306063,weekday,12639,10819,77,1743,인천광역시,부평구
31,31280,3128053,weekday,2450,1958,29,462,경기도,여주시
31,31220,3122032,weekday,5196,3539,143,1513,경기도,안성시
31,31210,3121035,weekday,6138,4319,176,1644,경기도,이천시
31,31101,3110162,weekday,6718,5371,42,1305,경기도,고양시 덕양구
31,31120,3112051,weekday,9190,7227,126,1837,경기도,구리시
31,31130,3113014,weekday,10594,8052,130,2412,경기도,남양주시
31,31210,3121033,weekday,10666,7307,300,3059,경기도,이천시
31,31060,3106060,weekday,12546,9085,85,3375,경기도,광명시
31,31191,3119151,weekday,5992,4684,55,1254,경기도,용인시 처인구
31,31050,3105052,weekday,6269,5685,26,558,경기도,부천시
31,31041,3104163,weekday,6946,6277,28,641,경기도,안양시 만안구
31,31130,3113058,weekday,5188,4158,54,976,경기도,남양주시
31,31220,3122041,weekday,3078,2194,77,808,경기도,안성시
31,31160,3116051,weekday,5529,4927,29,573,경기도,군포시
31,31042,3104266,weekday,12073,10540,111,1423,경기도,안양시 동안구
31,31014,3101459,weekday,5843,5060,43,741,경기도,수원시 영통구
31,31240,3124039,weekday,6305,4690,111,1503,경기도,화성시
31,31042,3104267,weekday,14819,12773,188,1858,경기도,안양시 동안구
31,31091,3109162,weekday,10854,9214,78,1563,경기도,안산시 상록구
31,31180,3118061,weekday,6128,5102,60,967,경기도,하남시
31,31092,3109277,weekday,11079,8656,177,2246,경기도,안산시 단원구
31,31101,3110153,weekday,6669,5513,36,1120,경기도,고양시 덕양구
31,31060,3106061,weekday,2873,1754,6,1113,경기도,광명시
31,31230,3123034,weekday,6303,5187,50,1065,경기도,김포시
31,31250,3125011,weekday,8003,6194,69,1739,경기도,광주시
31,31050,3105062,weekday,12201,10667,103,1430,경기도,부천시
31,31042,3104251,weekday,15999,14135,131,1732,경기도,안양시 동안구
31,31060,3106053,weekday,15563,11068,84,4410,경기도,광명시
31,31013,3101371,weekday,7466,6420,61,985,경기도,수원시 팔달구
31,31030,3103064,weekday,6229,4991,30,1209,경기도,의정부시
31,31060,3106066,weekday,13787,10141,96,3550,경기도,광명시
31,31110,3111052,weekday,12720,11122,118,1480,경기도,과천시
31,31050,3105060,weekday,6843,6030,36,777,경기도,부천시
31,31210,3121051,weekday,2500,1887,14,600,경기도,이천시
31,31042,3104258,weekday,8449,7919,36,494,경기도,안양시 동안구
31,31192,3119262,weekday,11182,9561,156,1465,경기도,용인시 기흥구
31,31070,3107056,weekday,4135,3449,67,618,경기도,평택시
31,31210,3121053,weekday,4856,3741,48,1066,경기도,이천시
31,31014,3101454,weekday,8566,7451,69,1046,경기도,수원시 영통구
31,31070,3107032,weekday,3258,2880,28,350,경기도,평택시
31,31101,3110166,weekday,8964,7250,76,1638,경기도,고양시 덕양구
31,31022,3102251,weekday,17029,13609,262,3159,경기도,성남시 중원구
31,31050,3105061,weekday,7224,6644,35,545,경기도,부천시
31,31150,3115065,weekday,5367,4603,34,730,경기도,시흥시
31,31240,3124043,weekday,12077,9618,191,2269,경기도,화성시
31,31104,3110457,weekday,6234,4723,47,1465,경기도,고양시 일산서구
31,31101,3110151,weekday,17774,12950,321,4503,경기도,고양시 덕양구
31,31021,3102161,weekday,9403,7768,74,1561,경기도,성남시 수정구
31,31180,3118055,weekday,3606,2997,22,587,경기도,하남시
31,31260,3126032,weekday,2670,2106,15,549,경기도,양주시
31,31021,3102151,weekday,8284,6883,34,1367,경기도,성남시 수정구
31,31011,3101156,weekday,4067,3569,23,475,경기도,수원시 장안구
31,31012,3101261,weekday,11120,9387,111,1622,경기도,수원시 권선구
31,31160,3116055,weekday,14774,12170,192,2412,경기도,군포시
31,31120,3112055,weekday,8347,6879,82,1387,경기도,구리시
31,31050,3105081,weekday,20560,16121,181,4258,경기도,부천시
31,31192,3119258,weekday,10053,8078,176,1799,경기도,용인시 기흥구
31,31014,3101453,weekday,8799,7671,69,1059,경기도,수원시 영통구
31,31042,3104259,weekday,8709,8060,46,603,경기도,안양시 동안구
31,31101,3110161,weekday,31198,23778,550,6870,경기도,고양시 덕양구
31,31011,3101159,weekday,6025,5254,41,729,경기도,수원시 장안구
31,31270,3127052,weekday,4549,3455,33,1060,경기도,포천시
31,31130,3113011,weekday,10015,8174,218,1622,경기도,남양주시
31,31091,3109174,weekday,9514,7931,87,1495,경기도,안산시 상록구
31,31200,3120056,weekday,5254,4207,29,1017,경기도,파주시
31,31192,3119255,weekday,5735,5071,71,593,경기도,용인시 기흥구
31,31060,3106064,weekday,6693,4719,27,1947,경기도,광명시
31,31280,3128037,weekday,3845,2862,121,862,경기도,여주시
31,31070,3107055,weekday,4165,3516,62,587,경기도,평택시
31,31012,3101260,weekday,8814,7726,73,1016,경기도,수원시 권선구
31,31191,3119154,weekday,5197,4114,51,1032,경기도,용인시 처인구
31,31193,3119354,weekday,7755,6655,50,1050,경기도,용인시 수지구
31,31101,3110155,weekday,10015,7782,77,2156,경기도,고양시 덕양구
31,31150,3115068,weekday,16610,12654,310,3645,경기도,시흥시
31,31050,3105071,weekday,6685,5782,38,865,경기도,부천시
31,31192,3119252,weekday,3879,3065,33,781,경기도,용인시 기흥구
31,31014,3101460,weekday,8856,7672,83,1101,경기도,수원시 영통구
31,31080,3108055,weekday,3957,3103,33,821,경기도,동두천시
31,31021,3102158,weekday,7949,6436,37,1475,경기도,성남시 수정구
31,31050,3105058,weekday,3698,3260,15,424,경기도,부천시
31,31023,3102367,weekday,7965,7063,47,854,경기도,성남시 분당구
31,31193,3119357,weekday,14800,11561,320,2919,경기도,용인시 수지구
31,31170,3117056,weekday,17571,14658,250,2663,경기도,의왕시
31,31060,3106058,weekday,14408,10786,137,3485,경기도,광명시
31,31240,3124056,weekday,8879,7398,83,1398,경기도,화성시
31,31103,3110359,weekday,8417,6513,62,1843,경기도,고양시 일산동구
31,31042,3104260,weekday,10965,10194,54,718,경기도,안양시 동안구
31,31250,3125036,weekday,2664,2142,25,497,경기도,광주시
31,31150,3115055,weekday,27476,21544,416,5515,경기도,시흥시
31,31160,3116060,weekday,6634,5914,34,686,경기도,군포시
31,31021,3102156,weekday,5150,4399,23,727,경기도,성남시 수정구
31,31021,3102155,weekday,3973,3345,16,612,경기도,성남시 수정구
31,31180,3118065,weekday,3976,3374,14,588,경기도,하남시
31,31150,3115054,weekday,16066,12780,208,3079,경기도,시흥시
31,31030,3103052,weekday,9609,7916,71,1622,경기도,의정부시
31,31200,3120031,weekday,4833,3871,43,919,경기도,파주시
31,31230,3123013,weekday,6929,5625,64,1241,경기도,김포시
31,31270,3127039,weekday,2435,1861,27,547,경기도,포천시
31,31021,3102159,weekday,29966,24190,514,5262,경기도,성남시 수정구
31,31180,3118051,weekday,18671,13589,393,4689,경기도,하남시
31,31200,3120013,weekday,2960,2338,12,609,경기도,파주시
31,31060,3106052,weekday,13400,9369,70,3961,경기도,광명시
31,31260,3126054,weekday,5010,3920,28,1062,경기도,양주시
31,31380,3138038,weekday,2959,2237,92,630,경기도,양평군
31,31104,3110455,weekday,6794,5242,43,1509,경기도,고양시 일산서구
31,31021,3102153,weekday,17073,14212,146,2715,경기도,성남시 수정구
31,31230,3123036,weekday,3519,3050,19,451,경기도,김포시
31,31022,3102258,weekday,12254,9565,63,2627,경기도,성남시 중원구
31,31012,3101252,weekday,12666,10754,129,1783,경기도,수원시 권선구
31,31050,3105078,weekday,5600,4630,37,932,경기도,부천시
31,31050,3105066,weekday,10190,9039,63,1088,경기도,부천시
31,31101,3110167,weekday,9777,8082,36,1659,경기도,고양시 덕양구
31,31240,3124036,weekday,7198,5131,164,1903,경기도,화성시
31,31250,3125052,weekday,6426,4895,45,1486,경기도,광주시
31,31104,3110451,weekday,3285,2241,11,1033,경기도,고양시 일산서구
31,31370,3137031,weekday,4364,3677,160,527,경기도,가평군
31,31070,3107057,weekday,2091,1816,18,257,경기도,평택시
31,31092,3109266,weekday,9407,7678,60,1668,경기도,안산시 단원구
31,31230,3123056,weekday,6164,5281,39,844,경기도,김포시
31,31180,3118064,weekday,21850,17376,463,4011,경기도,하남시
31,31060,3106065,weekday,12252,8911,82,3258,경기도,광명시
31,31091,3109177,weekday,12857,10601,98,2158,경기도,안산시 상록구
31,31023,3102354,weekday,12539,11106,69,1365,경기도,성남시 분당구
31,31030,3103059,weekday,11656,8994,183,2478,경기도,의정부시
31,31041,3104157,weekday,5295,4928,22,344,경기도,안양시 만안구
31,31041,3104164,weekday,15793,12290,154,3349,경기도,안양시 만안구
31,31013,3101354,weekday,10651,9053,122,1476,경기도,수원시 팔달구
31,31130,3113057,weekday,10440,8017,180,2243,경기도,남양주시
31,31193,3119353,weekday,6133,5253,109,771,경기도,용인시 수지구
31,31041,3104162,weekday,3595,3348,10,237,경기도,안양시 만안구
31,31210,3121054,weekday,3989,3099,32,858,경기도,이천시
31,31260,3126055,weekday,7015,5381,81,1553,경기도,양주시
31,31240,3124015,weekday,6013,4450,55,1508,경기도,화성시
31,31160,3116054,weekday,7113,6319,35,759,경기도,군포시
31,31260,3126033,weekday,4157,3271,18,867,경기도,양주시
31,31030,3103053,weekday,7509,6264,32,1212,경기도,의정부시
31,31192,3119253,weekday,6975,5936,156,883,경기도,용인시 기흥구
31,31050,3105055,weekday,10216,8801,61,1354,경기도,부천시
31,31022,3102261,weekday,16535,13220,205,3109,경기도,성남시 중원구
31,31041,3104158,weekday,14004,11522,181,2301,경기도,안양시 만안구
31,31230,3123011,weekday,7811,6510,70,1231,경기도,김포시
31,31091,3109155,weekday,6585,5743,32,811,경기도,안산시 상록구
31,31101,3110154,weekday,10166,7935,102,2129,경기도,고양시 덕양구
31,31200,3120058,weekday,6784,5317,40,1426,경기도,파주시
31,31050,3105064,weekday,13604,11766,110,1728,경기도,부천시
31,31370,3137032,weekday,4160,3266,62,832,경기도,가평군
31,31150,3115062,weekday,4634,4002,28,604,경기도,시흥시
31,31023,3102358,weekday,10221,8988,83,1149,경기도,성남시 분당구
31,31120,3112054,weekday,14240,11128,217,2896,경기도,구리시
31,31280,3128011,weekday,7073,4958,208,1906,경기도,여주시
31,31130,3113012,weekday,8350,6326,86,1939,경기도,남양주시
31,31042,3104262,weekday,11726,10500,86,1141,경기도,안양시 동안구
31,31101,3110158,weekday,6937,5776,28,1132,경기도,고양시 덕양구
31,31270,3127031,weekday,3212,2342,41,829,경기도,포천시
31,31230,3123062,weekday,7609,6398,55,1156,경기도,김포시
31,31021,3102167,weekday,23524,19269,557,3698,경기도,성남시 수정구
31,31091,3109157,weekday,20336,15392,416,4528,경기도,안산시 상록구
31,31050,3105063,weekday,6398,5980,25,392,경기도,부천시
31,31013,3101369,weekday,7695,6874,40,781,경기도,수원시 팔달구
31,31021,3102164,weekday,13117,10579,305,2232,경기도,성남시 수정구
31,31022,3102253,weekday,5249,3989,114,1146,경기도,성남시 중원구
31,31280,3128038,weekday,3129,2340,95,694,경기도,여주시
31,31091,3109156,weekday,11212,9670,73,1468,경기도,안산시 상록구
31,31350,3135034,weekday,1191,932,5,254,경기도,연천군
31,31193,3119351,weekday,6163,5511,39,613,경기도,용인시 수지구
31,31060,3106051,weekday,3858,2450,11,1397,경기도,광명시
31,31191,3119112,weekday,6645,5144,63,1439,경기도,용인시 처인구
31,31270,3127032,weekday,8029,6038,97,1895,경기도,포천시
31,31200,3120053,weekday,4152,3323,35,795,경기도,파주시
31,31013,3101368,weekday,8167,7206,53,908,경기도,수원시 팔달구
31,31210,3121038,weekday,706,498,14,194,경기도,이천시
31,31104,3110454,weekday,5202,3661,28,1513,경기도,고양시 일산서구
31,31170,3117055,weekday,14650,12234,268,2147,경기도,의왕시
31,31091,3109176,weekday,6827,5969,34,824,경기도,안산시 상록구
31,31200,3120021,weekday,161,121,0,40,경기도,파주시
31,31240,3124038,weekday,10807,8101,149,2558,경기도,화성시
31,31110,3111056,weekday,17188,14054,245,2888,경기도,과천시
31,31103,3110357,weekday,5934,4422,27,1484,경기도,고양시 일산동구
31,31021,3102168,weekday,8685,7117,60,1508,경기도,성남시 수정구
31,31103,3110353,weekday,7507,5737,50,1719,경기도,고양시 일산동구
31,31070,3107058,weekday,2801,2404,24,373,경기도,평택시
31,31023,3102372,weekday,11836,10334,89,1414,경기도,성남시 분당구
31,31200,3120035,weekday,5130,4103,31,995,경기도,파주시
31,31192,3119257,weekday,7609,6474,71,1064,경기도,용인시 기흥구
31,31150,3115056,weekday,21239,16171,326,4742,경기도,시흥시
31,31023,3102351,weekday,7166,6290,58,819,경기도,성남시 분당구
31,31120,3112056,weekday,9891,7698,158,2035,경기도,구리시
31,31220,3122011,weekday,10612,7836,379,2398,경기도,안성시
31,31023,3102363,weekday,4891,4208,25,658,경기도,성남시 분당구
31,31091,3109171,weekday,20770,16131,333,4306,경기도,안산시 상록구
31,31270,3127035,weekday,2060,1573,15,472,경기도,포천시
31,31240,3124066,weekday,9149,7383,289,1477,경기도,화성시
31,31120,3112052,weekday,20921,15432,436,5052,경기도,구리시
31,31260,3126051,weekday,8943,6997,50,1896,경기도,양주시
31,31230,3123012,weekday,17084,13523,227,3334,경기도,김포시
31,31070,3107064,weekday,6208,4824,86,1297,경기도,평택시
31,31220,3122036,weekday,4070,2840,33,1197,경기도,안성시
31,31192,3119261,weekday,19678,15339,717,3622,경기도,용인시 기흥구
31,31050,3105077,weekday,4604,3910,21,673,경기도,부천시
31,31191,3119132,weekday,5440,4444,93,902,경기도,용인시 처인구
31,31103,3110356,weekday,10796,8293,77,2425,경기도,고양시 일산동구
31,31170,3117053,weekday,12974,10856,179,1939,경기도,의왕시
31,31042,3104257,weekday,8544,7899,45,600,경기도,안양시 동안구
31,31080,3108051,weekday,1912,1526,13,373,경기도,동두천시
31,31012,3101254,weekday,8220,7184,65,971,경기도,수원시 권선구
31,31042,3104254,weekday,10247,9545,48,654,경기도,안양시 동안구
31,31013,3101367,weekday,8077,7140,53,884,경기도,수원시 팔달구
31,31050,3105051,weekday,7953,7063,39,851,경기도,부천시
31,31130,3113032,weekday,5693,4556,58,1080,경기도,남양주시
31,31070,3107037,weekday,3699,2726,33,939,경기도,평택시
31,31091,3109173,weekday,29710,22509,623,6578,경기도,안산시 상록구
31,31023,3102361,weekday,25994,20789,375,4830,경기도,성남시 분당구
31,31180,3118063,weekday,11683,9669,272,1742,경기도,하남시
31,31220,3122033,weekday,2154,1522,52,580,경기도,안성시
31,31130,3113051,weekday,7096,5632,79,1386,경기도,남양주시
31,31210,3121036,weekday,4111,2804,91,1216,경기도,이천시
31,31041,3104161,weekday,11533,9511,121,1901,경기도,안양시 만안구
31,31014,3101462,weekday,14377,11208,346,2823,경기도,수원시 영통구
31,31023,3102378,weekday,4298,3839,15,444,경기도,성남시 분당구
31,31101,3110164,weekday,22017,17032,300,4685,경기도,고양시 덕양구
31,31220,3122042,weekday,2931,2007,19,904,경기도,안성시
31,31101,3110169,weekday,6974,5684,35,1255,경기도,고양시 덕양구
31,31191,3119152,weekday,5699,4916,43,740,경기도,용인시 처인구
31,31011,3101163,weekday,35520,27087,864,7569,경기도,수원시 장안구
31,31200,3120054,weekday,5310,4230,37,1043,경기도,파주시
31,31050,3105086,weekday,16954,14132,143,2678,경기도,부천시
31,31380,3138034,weekday,2429,1956,42,430,경기도,양평군
31,31030,3103065,weekday,9620,7319,184,2117,경기도,의정부시
31,31230,3123035,weekday,5311,4489,48,774,경기도,김포시
31,31092,3109278,weekday,10436,8754,62,1620,경기도,안산시 단원구
31,31050,3105057,weekday,6594,5434,37,1123,경기도,부천시
31,31023,3102364,weekday,13349,11290,171,1888,경기도,성남시 분당구
31,31160,3116056,weekday,7621,6738,42,842,경기도,군포시
31,31200,3120057,weekday,4698,3861,23,814,경기도,파주시
31,31050,3105076,weekday,5872,4947,43,882,경기도,부천시
31,31030,3103058,weekday,5000,4111,27,862,경기도,의정부시
31,31070,3107062,weekday,8385,6392,256,1737,경기도,평택시
31,31092,3109268,weekday,7480,6570,20,890,경기도,안산시 단원구
31,31012,3101264,weekday,7733,6629,71,1033,경기도,수원시 권선구
31,31050,3105054,weekday,11561,9836,72,1654,경기도,부천시
31,31140,3114053,weekday,4854,4245,43,565,경기도,오산시
31,31041,3104152,weekday,14144,12222,118,1804,경기도,안양시 만안구
31,31220,3122039,weekday,8550,5687,235,2629,경기도,안성시
31,31021,3102162,weekday,7783,6569,43,1171,경기도,성남시 수정구
31,31023,3102355,weekday,10911,9654,62,1195,경기도,성남시 분당구
31,31270,3127036,weekday,3804,2897,43,864,경기도,포천시
31,31220,3122038,weekday,18207,13315,723,4170,경기도,안성시
31,31042,3104263,weekday,14760,12469,197,2094,경기도,안양시 동안구
31,31240,3124037,weekday,2252,1795,31,425,경기도,화성시
31,31012,3101266,weekday,10242,8365,131,1746,경기도,수원시 권선구
31,31210,3121037,weekday,1776,1281,37,458,경기도,이천시
31,31042,3104264,weekday,12124,10540,111,1473,경기도,안양시 동안구
31,31060,3106055,weekday,2821,1710,7,1104,경기도,광명시
31,31130,3113034,weekday,1568,1479,11,78,경기도,남양주시
31,31101,3110160,weekday,6528,5224,69,1234,경기도,고양시 덕양구
31,31150,3115052,weekday,10198,8332,110,1756,경기도,시흥시
31,31210,3121011,weekday,2240,1587,46,607,경기도,이천시
31,31070,3107052,weekday,4134,3486,57,591,경기도,평택시
31,31103,3110351,weekday,7414,5295,44,2074,경기도,고양시 일산동구
31,31091,3109151,weekday,11010,9162,114,1735,경기도,안산시 상록구
31,31180,3118053,weekday,6154,5207,59,888,경기도,하남시
31,31022,3102260,weekday,13775,11017,153,2605,경기도,성남시 중원구
31,31350,3135012,weekday,2374,1850,20,504,경기도,연천군
31,31050,3105053,weekday,9650,8645,49,956,경기도,부천시
31,31220,3122040,weekday,3454,2426,67,961,경기도,안성시
31,31380,3138031,weekday,2548,2004,43,501,경기도,양평군
31,31350,3135038,weekday,715,560,3,152,경기도,연천군
31,31060,3106062,weekday,9988,7142,56,2790,경기도,광명시
31,31350,3135035,weekday,325,258,1,66,경기도,연천군
31,31150,3115051,weekday,15478,12111,197,3170,경기도,시흥시
31,31042,3104255,weekday,9603,8974,42,588,경기도,안양시 동안구
31,31050,3105082,weekday,9000,7498,56,1446,경기도,부천시
31,31011,3101158,weekday,7524,6500,64,961,경기도,수원시 장안구
31,31140,3114055,weekday,8847,7184,164,1500,경기도,오산시
31,31030,3103056,weekday,24203,18403,396,5404,경기도,의정부시
31,31013,3101353,weekday,5295,4788,31,476,경기도,수원시 팔달구
31,31280,3128032,weekday,3366,2571,68,727,경기도,여주시
31,31050,3105074,weekday,5437,4900,33,504,경기도,부천시
31,31200,3120038,weekday,361,287,1,73,경기도,파주시
31,31070,3107059,weekday,4899,3905,51,944,경기도,평택시
31,31110,3111054,weekday,3438,3264,8,166,경기도,과천시
31,31250,3125051,weekday,7921,6159,39,1723,경기도,광주시
31,31070,3107060,weekday,5278,4203,50,1025,경기도,평택시
31,31210,3121031,weekday,4082,3078,53,951,경기도,이천시
31,31380,3138036,weekday,1737,1401,26,310,경기도,양평군
31,31280,3128052,weekday,3172,2491,46,635,경기도,여주시
31,31104,3110459,weekday,9305,7160,84,2060,경기도,고양시 일산서구
31,31104,3110453,weekday,8014,6178,56,1780,경기도,고양시 일산서구
31,31380,3138011,weekday,3293,2670,46,577,경기도,양평군
31,31150,3115053,weekday,11195,9297,79,1818,경기도,시흥시
31,31200,3120037,weekday,2950,2289,21,640,경기도,파주시
31,31014,3101465,weekday,8272,7128,68,1076,경기도,수원시 영통구
31,31280,3128034,weekday,5134,3815,145,1173,경기도,여주시
31,31041,3104155,weekday,7861,7129,40,692,경기도,안양시 만안구
31,31103,3110361,weekday,6847,5133,42,1672,경기도,고양시 일산동구
31,31250,3125038,weekday,15347,10769,364,4214,경기도,광주시
31,31193,3119355,weekday,14441,11974,234,2232,경기도,용인시 수지구
31,31070,3107011,weekday,4339,3428,51,860,경기도,평택시
31,31380,3138041,weekday,2013,1644,21,348,경기도,양평군
31,31180,3118059,weekday,19894,15781,469,3644,경기도,하남시
31,31011,3101157,weekday,5995,5175,44,777,경기도,수원시 장안구
31,31380,3138040,weekday,2539,2102,25,412,경기도,양평군
31,31350,3135037,weekday,285,226,1,58,경기도,연천군
31,31380,3138033,weekday,7094,5578,131,1385,경기도,양평군
31,31022,3102257,weekday,6021,4741,25,1254,경기도,성남시 중원구
31,31030,3103060,weekday,11635,8938,142,2555,경기도,의정부시
31,31120,3112057,weekday,4247,3565,37,646,경기도,구리시
31,31160,3116058,weekday,11519,9740,89,1690,경기도,군포시
31,31101,3110165,weekday,3990,3221,19,750,경기도,고양시 덕양구
31,31270,3127041,weekday,2283,1743,26,514,경기도,포천시
31,31180,3118060,weekday,18363,14506,445,3413,경기도,하남시
31,31070,3107061,weekday,3795,3093,33,669,경기도,평택시
31,31280,3128035,weekday,3949,3054,64,831,경기도,여주시
31,31013,3101372,weekday,5416,4842,35,539,경기도,수원시 팔달구
31,31170,3117051,weekday,13846,11274,216,2355,경기도,의왕시
31,31240,3124035,weekday,5799,4278,88,1433,경기도,화성시
31,31011,3101162,weekday,5492,4770,40,682,경기도,수원시 장안구
31,31240,3124065,weekday,7018,6162,114,741,경기도,화성시
31,31270,3127033,weekday,5243,3910,62,1271,경기도,포천시
31,31023,3102376,weekday,30365,24190,1089,5086,경기도,성남시 분당구
31,31101,3110152,weekday,14835,11156,199,3480,경기도,고양시 덕양구
31,31030,3103055,weekday,14923,11525,217,3181,경기도,의정부시
31,31030,3103057,weekday,9812,7849,87,1876,경기도,의정부시
31,31191,3119136,weekday,10944,7735,283,2925,경기도,용인시 처인구
31,31240,3124061,weekday,6759,6038,76,645,경기도,화성시
31,31050,3105056,weekday,7252,6308,38,905,경기도,부천시
31,31080,3108060,weekday,4991,3896,41,1054,경기도,동두천시
31,31200,3120036,weekday,4519,3526,36,957,경기도,파주시
31,31041,3104154,weekday,6301,5834,25,442,경기도,안양시 만안구
31,31210,3121034,weekday,8518,5849,233,2436,경기도,이천시
31,31200,3120032,weekday,6714,5314,61,1339,경기도,파주시
31,31021,3102152,weekday,6263,5179,43,1042,경기도,성남시 수정구
31,31092,3109274,weekday,11801,10134,75,1592,경기도,안산시 단원구
31,31050,3105072,weekday,7932,7026,43,863,경기도,부천시
31,31193,3119356,weekday,5396,4502,105,789,경기도,용인시 수지구
31,31021,3102165,weekday,18403,14864,430,3109,경기도,성남시 수정구
31,31060,3106057,weekday,7937,5544,46,2347,경기도,광명시
31,31200,3120052,weekday,5302,4226,40,1037,경기도,파주시
31,31014,3101466,weekday,7727,6705,67,955,경기도,수원시 영통구
31,31060,3106056,weekday,8235,5632,32,2570,경기도,광명시
31,31240,3124054,weekday,5030,4518,23,488,경기도,화성시
31,31080,3108056,weekday,2775,2187,9,579,경기도,동두천시
31,31240,3124014,weekday,6157,4919,70,1168,경기도,화성시
31,31250,3125012,weekday,13712,10025,275,3412,경기도,광주시
31,31140,3114054,weekday,7228,6022,118,1088,경기도,오산시
31,31191,3119113,weekday,6403,4523,48,1833,경기도,용인시 처인구
31,31091,3109158,weekday,13135,10575,204,2356,경기도,안산시 상록구
31,31170,3117052,weekday,15091,11918,280,2893,경기도,의왕시
31,31021,3102157,weekday,6682,5582,44,1056,경기도,성남시 수정구
31,31210,3121032,weekday,1856,1490,13,352,경기도,이천시
31,31011,3101154,weekday,18065,14217,408,3440,경기도,수원시 장안구
31,31280,3128036,weekday,5165,3864,154,1148,경기도,여주시
31,31200,3120012,weekday,4282,3390,35,857,경기도,파주시
31,31042,3104261,weekday,18572,16127,195,2251,경기도,안양시 동안구
31,31150,3115061,weekday,4979,4286,28,666,경기도,시흥시
31,31011,3101155,weekday,6177,5402,45,730,경기도,수원시 장안구
31,31013,3101370,weekday,8829,7730,63,1036,경기도,수원시 팔달구
31,31104,3110456,weekday,4692,3569,30,1093,경기도,고양시 일산서구
31,31060,3106067,weekday,12726,9593,138,2995,경기도,광명시
31,31070,3107013,weekday,7226,5020,133,2073,경기도,평택시
31,31220,3122035,weekday,4145,3017,61,1068,경기도,안성시
31,31230,3123060,weekday,11248,9274,108,1866,경기도,김포시
31,31140,3114052,weekday,10894,8692,347,1856,경기도,오산시
31,31012,3101257,weekday,11487,9780,110,1597,경기도,수원시 권선구
31,31070,3107051,weekday,4506,3697,62,747,경기도,평택시
31,31370,3137011,weekday,1588,1181,17,390,경기도,가평군
31,31050,3105075,weekday,9567,7999,71,1497,경기도,부천시
31,31200,3120026,weekday,275,222,1,53,경기도,파주시
31,31011,3101161,weekday,12345,9654,283,2408,경기도,수원시 장안구
31,31070,3107053,weekday,6286,4712,117,1457,경기도,평택시
31,31270,3127038,weekday,1730,1311,19,400,경기도,포천시
31,31104,3110458,weekday,18877,14552,225,4100,경기도,고양시 일산서구
31,31150,3115067,weekday,8082,6818,36,1227,경기도,시흥시
31,31092,3109276,weekday,13544,11200,89,2256,경기도,안산시 단원구
31,31041,3104151,weekday,9221,8334,49,839,경기도,안양시 만안구
31,31260,3126052,weekday,8694,6693,87,1914,경기도,양주시
31,31192,3119259,weekday,18486,14792,511,3183,경기도,용인시 기흥구
31,31192,3119254,weekday,15767,12447,669,2651,경기도,용인시 기흥구
31,31103,3110358,weekday,18108,14000,219,3889,경기도,고양시 일산동구
31,31192,3119256,weekday,15472,11957,350,3166,경기도,용인시 기흥구
31,31193,3119358,weekday,3824,3515,18,292,경기도,용인시 수지구
31,31260,3126011,weekday,4930,3895,22,1013,경기도,양주시
31,31210,3121012,weekday,6523,4730,153,1640,경기도,이천시
31,31080,3108053,weekday,5128,4020,40,1068,경기도,동두천시
31,31200,3120055,weekday,9235,7305,87,1843,경기도,파주시
31,31023,3102375,weekday,8414,7523,61,831,경기도,성남시 분당구
31,31030,3103066,weekday,9676,7497,130,2049,경기도,의정부시
31,31103,3110360,weekday,5696,4491,42,1163,경기도,고양시 일산동구
31,31130,3113053,weekday,6775,5495,49,1231,경기도,남양주시
31,31050,3105073,weekday,6559,5704,70,786,경기도,부천시
31,31023,3102371,weekday,34887,27574,1349,5964,경기도,성남시 분당구
31,31050,3105079,weekday,6366,5184,32,1149,경기도,부천시
31,31103,3110352,weekday,4877,3400,21,1456,경기도,고양시 일산동구
31,31380,3138032,weekday,1502,1200,14,287,경기도,양평군
31,31240,3124067,weekday,3104,2574,5,525,경기도,화성시
31,31050,3105069,weekday,13084,10891,167,2025,경기도,부천시
31,31140,3114056,weekday,4871,4274,46,551,경기도,오산시
31,31270,3127040,weekday,1327,1039,13,275,경기도,포천시
31,31180,3118056,weekday,5683,4682,57,944,경기도,하남시
31,31050,3105059,weekday,13520,11332,85,2102,경기도,부천시
31,31042,3104253,weekday,5741,5352,31,358,경기도,안양시 동안구
31,31160,3116059,weekday,4361,3880,18,464,경기도,군포시
31,31023,3102359,weekday,6786,5918,51,818,경기도,성남시 분당구
31,31230,3123058,weekday,5618,4698,37,883,경기도,김포시
31,31350,3135036,weekday,718,564,6,148,경기도,연천군
31,31013,3101355,weekday,9224,7912,101,1211,경기도,수원시 팔달구
31,31022,3102254,weekday,7837,6329,125,1383,경기도,성남시 중원구
31,31021,3102166,weekday,26768,20915,814,5039,경기도,성남시 수정구
31,31240,3124055,weekday,10669,9112,124,1432,경기도,화성시
31,31092,3109270,weekday,15884,12572,282,3030,경기도,안산시 단원구
31,31022,3102255,weekday,3716,3054,17,646,경기도,성남시 중원구
31,31092,3109275,weekday,9360,8144,52,1164,경기도,안산시 단원구
31,31014,3101451,weekday,9385,8075,92,1217,경기도,수원시 영통구
31,31170,3117054,weekday,7208,6611,49,548,경기도,의왕시
31,31050,3105080,weekday,12480,10158,99,2224,경기도,부천시
31,31160,3116061,weekday,8833,7723,51,1059,경기도,군포시
31,31101,3110159,weekday,12513,9709,153,2651,경기도,고양시 덕양구
31,31130,3113054,weekday,12425,9934,180,2311,경기도,남양주시
31,31022,3102262,weekday,4031,3231,17,783,경기도,성남시 중원구
31,31104,3110452,weekday,6834,4995,46,1793,경기도,고양시 일산서구
31,31021,3102160,weekday,5057,4223,31,803,경기도,성남시 수정구
31,31280,3128033,weekday,3601,2728,96,777,경기도,여주시
31,31260,3126053,weekday,7589,5814,75,1700,경기도,양주시
31,31110,3111053,weekday,6189,5769,27,393,경기도,과천시
31,31103,3110354,weekday,7949,5790,77,2082,경기도,고양시 일산동구
31,31013,3101356,weekday,10633,9197,98,1338,경기도,수원시 팔달구
31,31060,3106054,weekday,8350,5740,42,2568,경기도,광명시
31,31160,3116057,weekday,6100,5391,25,684,경기도,군포시
31,31050,3105070,weekday,15808,13498,159,2151,경기도,부천시
31,31240,3124052,weekday,9839,8255,101,1483,경기도,화성시
31,31240,3124042,weekday,7305,5722,132,1451,경기도,화성시
31,31092,3109272,weekday,4768,4099,29,640,경기도,안산시 단원구
31,31050,3105083,weekday,14817,12105,136,2576,경기도,부천시
31,31042,3104256,weekday,7295,6674,49,572,경기도,안양시 동안구
31,31023,3102368,weekday,17097,13836,344,2917,경기도,성남시 분당구
31,31050,3105067,weekday,6532,5839,32,660,경기도,부천시
31,31220,3122051,weekday,2408,1651,42,716,경기도,안성시
31,31023,3102356,weekday,7319,6515,38,765,경기도,성남시 분당구
31,31230,3123053,weekday,6869,5824,50,996,경기도,김포시
31,31091,3109178,weekday,9652,8026,57,1569,경기도,안산시 상록구
31,31080,3108058,weekday,3244,2544,26,674,경기도,동두천시
31,31070,3107033,weekday,7195,5521,128,1546,경기도,평택시
31,31280,3128051,weekday,4662,3455,139,1068,경기도,여주시
31,31130,3113035,weekday,4897,3854,80,963,경기도,남양주시
31,31191,3119134,weekday,2735,1850,33,852,경기도,용인시 처인구
31,31023,3102352,weekday,3551,3208,13,330,경기도,성남시 분당구
31,31240,3124064,weekday,4263,3930,29,304,경기도,화성시
31,31370,3137035,weekday,626,431,7,188,경기도,가평군
31,31021,3102154,weekday,19383,15787,272,3323,경기도,성남시 수정구
31,31260,3126031,weekday,5354,4175,39,1140,경기도,양주시
31,31380,3138037,weekday,1608,1256,23,329,경기도,양평군
31,31150,3115059,weekday,18980,14485,214,4281,경기도,시흥시
31,31022,3102259,weekday,3820,2941,10,868,경기도,성남시 중원구
31,31120,3112053,weekday,7563,5958,113,1493,경기도,구리시
31,31110,3111055,weekday,13395,11542,115,1738,경기도,과천시
31,31250,3125053,weekday,11655,9082,109,2463,경기도,광주시
31,31150,3115071,weekday,10044,8194,101,1750,경기도,시흥시
31,31350,3135033,weekday,971,761,4,206,경기도,연천군
31,31042,3104252,weekday,13302,11658,113,1531,경기도,안양시 동안구
31,31220,3122031,weekday,2448,1657,47,744,경기도,안성시
31,31023,3102362,weekday,8144,7017,52,1075,경기도,성남시 분당구
31,31120,3112058,weekday,18365,13855,358,4152,경기도,구리시
31,31070,3107031,weekday,10466,8178,367,1921,경기도,평택시
31,31130,3113013,weekday,7845,6415,155,1275,경기도,남양주시
31,31250,3125034,weekday,9835,6973,225,2636,경기도,광주시
31,31191,3119153,weekday,14066,10496,355,3216,경기도,용인시 처인구
31,31041,3104156,weekday,6922,6207,37,679,경기도,안양시 만안구
31,31200,3120011,weekday,3987,3133,30,824,경기도,파주시
31,31110,3111051,weekday,4617,4311,19,287,경기도,과천시
31,31250,3125014,weekday,7827,5953,136,1738,경기도,광주시
31,31150,3115064,weekday,7043,5805,67,1171,경기도,시흥시
31,31240,3124012,weekday,10677,8568,138,1971,경기도,화성시
31,31210,3121052,weekday,8281,5945,182,2154,경기도,이천시
31,31191,3119111,weekday,6379,5057,115,1207,경기도,용인시 처인구
31,31192,3119260,weekday,5935,5005,53,877,경기도,용인시 기흥구
31,31050,3105084,weekday,9562,7999,64,1499,경기도,부천시
31,31050,3105068,weekday,6436,5821,30,586,경기도,부천시
31,31011,3101160,weekday,6626,5770,48,808,경기도,수원시 장안구
31,31260,3126056,weekday,4348,3387,35,926,경기도,양주시
31,31070,3107034,weekday,9694,7224,193,2277,경기도,평택시
31,31150,3115069,weekday,17840,13699,313,3828,경기도,시흥시
31,31230,3123054,weekday,3562,3132,20,410,경기도,김포시
31,31030,3103067,weekday,14964,11697,141,3127,경기도,의정부시
31,31030,3103061,weekday,10578,8469,72,2038,경기도,의정부시
31,31280,3128031,weekday,1777,1244,36,498,경기도,여주시
31,31150,3115063,weekday,8178,6643,102,1432,경기도,시흥시
31,31014,3101452,weekday,5524,4900,36,587,경기도,수원시 영통구
31,31250,3125035,weekday,4120,3245,29,846,경기도,광주시
31,31012,3101265,weekday,6973,5602,126,1245,경기도,수원시 권선구
31,31014,3101463,weekday,17844,13835,410,3598,경기도,수원시 영통구
31,31023,3102374,weekday,15348,12669,373,2307,경기도,성남시 분당구
31,31370,3137033,weekday,2082,1625,26,432,경기도,가평군
31,31260,3126034,weekday,14969,11291,248,3430,경기도,양주시
31,31350,3135032,weekday,3031,2346,30,656,경기도,연천군
31,31240,3124031,weekday,12803,9958,171,2673,경기도,화성시
31,31270,3127011,weekday,7223,5481,82,1660,경기도,포천시
31,31012,3101255,weekday,8567,7238,78,1251,경기도,수원시 권선구
31,31350,3135011,weekday,1261,984,9,267,경기도,연천군
31,31150,3115070,weekday,11628,9524,119,1984,경기도,시흥시
31,31130,3113031,weekday,9506,7452,145,1910,경기도,남양주시
31,31370,3137036,weekday,656,503,7,146,경기도,가평군
31,31350,3135031,weekday,1092,856,6,230,경기도,연천군
31,31050,3105085,weekday,3645,3151,20,475,경기도,부천시
31,31191,3119135,weekday,2538,1756,36,747,경기도,용인시 처인구
31,31041,3104153,weekday,4160,3906,10,243,경기도,안양시 만안구
31,31160,3116062,weekday,19073,14422,431,4221,경기도,군포시
31,31070,3107063,weekday,5231,4134,145,951,경기도,평택시
31,31140,3114051,weekday,14355,11409,470,2476,경기도,오산시
31,31080,3108061,weekday,4260,3315,36,910,경기도,동두천시
31,31060,3106059,weekday,12282,8827,98,3357,경기도,광명시
31,31101,3110157,weekday,5106,4035,66,1005,경기도,고양시 덕양구
31,31160,3116052,weekday,10328,8251,155,1922,경기도,군포시
31,31101,3110163,weekday,7430,5882,42,1506,경기도,고양시 덕양구
31,31041,3104159,weekday,25990,20507,498,4985,경기도,안양시 만안구
31,31240,3124033,weekday,16547,12420,238,3889,경기도,화성시
31,31130,3113059,weekday,12114,9582,159,2373,경기도,남양주시
31,31023,3102353,weekday,15219,13186,125,1908,경기도,성남시 분당구
31,31103,3110355,weekday,10145,7569,70,2505,경기도,고양시 일산동구
31,31193,3119359,weekday,7650,6627,108,915,경기도,용인시 수지구
31,31200,3120015,weekday,6899,5469,68,1363,경기도,파주시
31,31070,3107014,weekday,10822,7876,219,2727,경기도,평택시
31,31030,3103051,weekday,10379,8529,52,1798,경기도,의정부시
31,31230,3123061,weekday,13608,11121,126,2360,경기도,김포시
31,31092,3109273,weekday,8236,7207,29,1001,경기도,안산시 단원구
31,31130,3113015,weekday,4533,3444,21,1068,경기도,남양주시
31,31070,3107012,weekday,7293,5468,95,1729,경기도,평택시
31,31240,3124060,weekday,4501,4130,35,336,경기도,화성시
31,31240,3124053,weekday,8433,7043,89,1301,경기도,화성시
31,31380,3138039,weekday,1514,1249,10,255,경기도,양평군
31,31092,3109269,weekday,14130,11583,188,2360,경기도,안산시 단원구
31,31220,3122034,weekday,5689,4057,159,1473,경기도,안성시
31,31060,3106068,weekday,15339,11469,175,3695,경기도,광명시
31,31012,3101253,weekday,14381,12301,136,1943,경기도,수원시 권선구
31,31193,3119352,weekday,6130,5441,48,642,경기도,용인시 수지구
31,31380,3138035,weekday,3706,3163,131,412,경기도,양평군
31,31012,3101256,weekday,9073,7783,80,1210,경기도,수원시 권선구
31,31012,3101262,weekday,15626,12434,272,2920,경기도,수원시 권선구
31,31080,3108052,weekday,4179,3295,27,857,경기도,동두천시
31,31240,3124062,weekday,4978,4374,44,559,경기도,화성시
31,31014,3101464,weekday,8193,6979,81,1132,경기도,수원시 영통구
31,31023,3102360,weekday,11271,9887,83,1300,경기도,성남시 분당구
31,31022,3102256,weekday,3826,3220,20,586,경기도,성남시 중원구
31,31023,3102377,weekday,19655,16857,184,2614,경기도,성남시 분당구
31,31050,3105065,weekday,5975,5286,37,652,경기도,부천시
31,31240,3124057,weekday,11280,9318,118,1845,경기도,화성시
31,31101,3110156,weekday,7833,6477,32,1324,경기도,고양시 덕양구
31,31240,3124013,weekday,4342,3312,74,955,경기도,화성시
31,31091,3109154,weekday,8937,7379,68,1489,경기도,안산시 상록구
31,31042,3104265,weekday,8416,7860,34,523,경기도,안양시 동안구
31,31092,3109259,weekday,9025,8007,39,979,경기도,안산시 단원구
31,31041,3104160,weekday,8803,7274,77,1452,경기도,안양시 만안구
31,31180,3118052,weekday,6701,5604,41,1056,경기도,하남시
31,31220,3122053,weekday,3361,2369,42,951,경기도,안성시
31,31180,3118062,weekday,3972,3386,29,557,경기도,하남시
31,31101,3110168,weekday,25043,19466,535,5042,경기도,고양시 덕양구
31,31130,3113052,weekday,7984,6402,79,1503,경기도,남양주시
31,31060,3106063,weekday,8738,6152,39,2546,경기도,광명시
31,31220,3122052,weekday,3492,2465,76,952,경기도,안성시
31,31270,3127051,weekday,3883,2865,32,986,경기도,포천시
31,31270,3127034,weekday,3591,2683,36,872,경기도,포천시
31,31270,3127037,weekday,2959,2258,34,667,경기도,포천시
31,31180,3118054,weekday,12298,9516,276,2507,경기도,하남시
